atom1_id,atom2_id,btype
varchar,varchar,integer
primary key foreign key [atom.atom_id],primary key foreign key [atom.atom_id],
d100_1,d100_2,7
d100_1,d100_7,1
d100_11,d100_12,7
d100_12,d100_13,7
d100_12,d100_17,1
d100_13,d100_14,7
d100_13,d100_18,1
d100_14,d100_15,7
d100_14,d100_19,1
d100_15,d100_16,7
d100_15,d100_21,1
d100_16,d100_11,7
d100_16,d100_20,1
d100_2,d100_3,7
d100_2,d100_8,1
d100_21,d100_25,1
d100_21,d100_26,1
d100_22,d100_23,2
d100_22,d100_24,2
d100_3,d100_4,7
d100_3,d100_9,1
d100_4,d100_11,1
d100_4,d100_5,7
d100_5,d100_10,1
d100_5,d100_6,7
d100_6,d100_1,7
d100_6,d100_22,1
d101_1,d101_2,7
d101_1,d101_24,1
d101_10,d101_11,7
d101_10,d101_4,7
d101_11,d101_12,7
d101_12,d101_13,7
d101_12,d101_17,1
d101_13,d101_5,7
d101_14,d101_15,7
d101_14,d101_21,1
d101_15,d101_16,7
d101_15,d101_29,1
d101_16,d101_11,7
d101_16,d101_30,1
d101_17,d101_18,1
d101_17,d101_35,1
d101_17,d101_36,1
d101_18,d101_19,1
d101_18,d101_37,1
d101_18,d101_38,1
d101_19,d101_20,1
d101_19,d101_33,1
d101_19,d101_34,1
d101_2,d101_25,1
d101_2,d101_3,7
d101_20,d101_13,1
d101_20,d101_31,1
d101_20,d101_32,1
d101_21,d101_22,2
d101_21,d101_23,2
d101_3,d101_4,7
d101_3,d101_7,7
d101_4,d101_5,7
d101_5,d101_6,7
d101_6,d101_1,7
d101_6,d101_26,1
d101_7,d101_27,1
d101_7,d101_8,7
d101_8,d101_28,1
d101_8,d101_9,7
d101_9,d101_10,7
d101_9,d101_14,7
d102_1,d102_2,7
d102_1,d102_22,1
d102_10,d102_11,7
d102_10,d102_15,1
d102_11,d102_12,7
d102_11,d102_19,1
d102_12,d102_13,7
d102_12,d102_16,1
d102_13,d102_14,7
d102_13,d102_20,1
d102_14,d102_9,7
d102_17,d102_18,2
d102_17,d102_9,1
d102_19,d102_29,2
d102_19,d102_30,2
d102_2,d102_3,7
d102_2,d102_7,1
d102_20,d102_27,2
d102_20,d102_28,2
d102_21,d102_25,2
d102_21,d102_26,2
d102_22,d102_23,2
d102_22,d102_24,2
d102_3,d102_17,1
d102_3,d102_4,7
d102_4,d102_14,1
d102_4,d102_5,7
d102_5,d102_21,1
d102_5,d102_6,7
d102_6,d102_1,7
d102_6,d102_8,1
d102_9,d102_10,7
d103_1,d103_2,7
d103_1,d103_7,1
d103_10,d103_11,7
d103_10,d103_14,1
d103_11,d103_12,7
d103_11,d103_15,1
d103_12,d103_13,7
d103_12,d103_21,7
d103_13,d103_16,7
d103_13,d103_4,7
d103_16,d103_17,7
d103_17,d103_18,7
d103_17,d103_19,1
d103_18,d103_20,1
d103_18,d103_5,7
d103_2,d103_3,7
d103_2,d103_8,1
d103_21,d103_22,7
d103_21,d103_24,1
d103_22,d103_23,7
d103_22,d103_26,1
d103_23,d103_16,7
d103_23,d103_25,1
d103_26,d103_27,2
d103_26,d103_28,2
d103_3,d103_10,7
d103_3,d103_4,7
d103_4,d103_5,7
d103_5,d103_6,7
d103_6,d103_1,7
d103_6,d103_9,1
d104_1,d104_2,7
d104_1,d104_24,1
d104_10,d104_11,7
d104_10,d104_4,7
d104_11,d104_12,7
d104_12,d104_13,7
d104_12,d104_17,1
d104_13,d104_5,7
d104_14,d104_15,7
d104_14,d104_29,1
d104_15,d104_16,7
d104_15,d104_30,1
d104_16,d104_11,7
d104_16,d104_21,1
d104_17,d104_18,1
d104_17,d104_35,1
d104_17,d104_36,1
d104_18,d104_19,1
d104_18,d104_37,1
d104_18,d104_38,1
d104_19,d104_20,1
d104_19,d104_33,1
d104_19,d104_34,1
d104_2,d104_25,1
d104_2,d104_3,7
d104_20,d104_13,1
d104_20,d104_31,1
d104_20,d104_32,1
d104_21,d104_22,2
d104_21,d104_23,2
d104_3,d104_4,7
d104_3,d104_7,7
d104_4,d104_5,7
d104_5,d104_6,7
d104_6,d104_1,7
d104_6,d104_26,1
d104_7,d104_27,1
d104_7,d104_8,7
d104_8,d104_28,1
d104_8,d104_9,7
d104_9,d104_10,7
d104_9,d104_14,7
d105_1,d105_2,7
d105_1,d105_7,1
d105_10,d105_11,7
d105_10,d105_15,7
d105_11,d105_12,7
d105_12,d105_13,7
d105_13,d105_14,1
d105_13,d105_5,7
d105_15,d105_16,7
d105_15,d105_19,1
d105_16,d105_17,7
d105_16,d105_20,1
d105_17,d105_18,7
d105_17,d105_21,1
d105_18,d105_11,7
d105_2,d105_3,7
d105_2,d105_8,1
d105_22,d105_23,2
d105_22,d105_24,2
d105_3,d105_22,1
d105_3,d105_4,7
d105_4,d105_10,7
d105_4,d105_5,7
d105_5,d105_6,7
d105_6,d105_1,7
d105_6,d105_9,1
d106_1,d106_2,7
d106_1,d106_7,1
d106_10,d106_11,7
d106_10,d106_14,1
d106_11,d106_12,7
d106_11,d106_15,1
d106_12,d106_13,7
d106_12,d106_20,7
d106_13,d106_16,7
d106_13,d106_4,7
d106_16,d106_17,7
d106_17,d106_18,7
d106_17,d106_26,1
d106_18,d106_19,1
d106_18,d106_5,7
d106_2,d106_3,7
d106_2,d106_8,1
d106_20,d106_21,7
d106_20,d106_23,1
d106_21,d106_22,7
d106_21,d106_24,1
d106_22,d106_16,7
d106_22,d106_25,1
d106_25,d106_27,2
d106_25,d106_28,2
d106_26,d106_29,1
d106_3,d106_10,7
d106_3,d106_4,7
d106_4,d106_5,7
d106_5,d106_6,7
d106_6,d106_1,7
d106_6,d106_9,1
d107_1,d107_2,7
d107_1,d107_26,1
d107_10,d107_11,7
d107_10,d107_24,1
d107_11,d107_12,7
d107_11,d107_13,1
d107_12,d107_4,7
d107_14,d107_15,7
d107_14,d107_5,1
d107_15,d107_12,1
d107_15,d107_16,7
d107_16,d107_17,7
d107_16,d107_20,1
d107_17,d107_18,7
d107_17,d107_21,1
d107_18,d107_19,7
d107_18,d107_22,1
d107_19,d107_14,7
d107_19,d107_23,1
d107_2,d107_3,7
d107_2,d107_7,1
d107_24,d107_31,2
d107_24,d107_32,2
d107_25,d107_29,2
d107_25,d107_30,2
d107_26,d107_27,2
d107_26,d107_28,2
d107_3,d107_4,7
d107_3,d107_9,7
d107_4,d107_5,7
d107_5,d107_6,7
d107_6,d107_1,7
d107_6,d107_8,1
d107_9,d107_10,7
d107_9,d107_25,1
d108_1,d108_2,7
d108_1,d108_27,1
d108_10,d108_11,7
d108_10,d108_28,1
d108_11,d108_12,7
d108_11,d108_13,1
d108_12,d108_4,7
d108_14,d108_15,7
d108_14,d108_5,1
d108_15,d108_12,1
d108_15,d108_16,7
d108_16,d108_17,7
d108_16,d108_20,1
d108_17,d108_18,7
d108_17,d108_21,1
d108_18,d108_19,7
d108_18,d108_22,1
d108_19,d108_14,7
d108_19,d108_23,1
d108_2,d108_3,7
d108_2,d108_7,1
d108_24,d108_25,2
d108_24,d108_26,2
d108_3,d108_4,7
d108_3,d108_9,7
d108_4,d108_5,7
d108_5,d108_6,7
d108_6,d108_1,7
d108_6,d108_8,1
d108_9,d108_10,7
d108_9,d108_24,1
d109_1,d109_2,7
d109_1,d109_24,1
d109_10,d109_15,7
d109_10,d109_5,7
d109_11,d109_12,7
d109_12,d109_13,7
d109_12,d109_31,1
d109_13,d109_14,7
d109_13,d109_32,1
d109_14,d109_18,7
d109_14,d109_9,7
d109_15,d109_16,7
d109_16,d109_17,7
d109_16,d109_33,1
d109_17,d109_34,1
d109_17,d109_6,7
d109_18,d109_19,7
d109_18,d109_35,1
d109_19,d109_15,7
d109_19,d109_36,1
d109_2,d109_29,1
d109_2,d109_3,7
d109_20,d109_21,7
d109_20,d109_37,1
d109_21,d109_22,7
d109_21,d109_38,1
d109_22,d109_11,7
d109_22,d109_23,1
d109_23,d109_25,2
d109_23,d109_26,2
d109_24,d109_27,2
d109_24,d109_28,2
d109_3,d109_30,1
d109_3,d109_4,7
d109_4,d109_5,7
d109_4,d109_7,1
d109_5,d109_6,7
d109_6,d109_1,7
d109_7,d109_20,7
d109_7,d109_8,7
d109_8,d109_11,7
d109_8,d109_9,7
d109_9,d109_10,7
d10_1,d10_14,1
d10_1,d10_2,7
d10_10,d10_11,7
d10_10,d10_22,1
d10_11,d10_12,7
d10_11,d10_23,1
d10_12,d10_7,7
d10_13,d10_27,1
d10_13,d10_28,1
d10_13,d10_7,1
d10_14,d10_15,2
d10_14,d10_16,2
d10_17,d10_24,1
d10_17,d10_25,1
d10_17,d10_26,1
d10_2,d10_18,1
d10_2,d10_3,7
d10_3,d10_13,1
d10_3,d10_4,7
d10_4,d10_12,1
d10_4,d10_5,7
d10_5,d10_19,1
d10_5,d10_6,7
d10_6,d10_1,7
d10_6,d10_20,1
d10_7,d10_8,7
d10_8,d10_21,1
d10_8,d10_9,7
d10_9,d10_10,7
d10_9,d10_17,1
d110_1,d110_2,7
d110_1,d110_7,1
d110_10,d110_11,7
d110_11,d110_12,7
d110_11,d110_16,1
d110_12,d110_13,7
d110_12,d110_17,1
d110_13,d110_14,7
d110_13,d110_20,1
d110_14,d110_15,7
d110_14,d110_18,1
d110_15,d110_10,7
d110_15,d110_19,1
d110_19,d110_25,2
d110_19,d110_26,2
d110_2,d110_3,7
d110_2,d110_8,1
d110_20,d110_27,2
d110_20,d110_28,2
d110_21,d110_23,2
d110_21,d110_24,2
d110_22,d110_29,2
d110_22,d110_30,2
d110_3,d110_22,1
d110_3,d110_4,7
d110_4,d110_10,1
d110_4,d110_5,7
d110_5,d110_21,1
d110_5,d110_6,7
d110_6,d110_1,7
d110_6,d110_9,1
d111_1,d111_2,7
d111_1,d111_7,1
d111_10,d111_11,2
d111_10,d111_12,1
d111_14,d111_15,2
d111_14,d111_16,2
d111_2,d111_14,1
d111_2,d111_3,7
d111_3,d111_4,7
d111_3,d111_8,1
d111_4,d111_13,1
d111_4,d111_5,7
d111_5,d111_10,1
d111_5,d111_6,7
d111_6,d111_1,7
d111_6,d111_9,1
d112_1,d112_2,7
d112_1,d112_7,1
d112_10,d112_11,7
d112_10,d112_14,1
d112_11,d112_12,7
d112_11,d112_15,1
d112_12,d112_13,7
d112_12,d112_22,1
d112_13,d112_4,7
d112_16,d112_17,1
d112_16,d112_18,1
d112_16,d112_19,1
d112_17,d112_13,1
d112_17,d112_20,1
d112_17,d112_21,1
d112_2,d112_3,7
d112_2,d112_8,1
d112_22,d112_23,2
d112_22,d112_24,2
d112_3,d112_10,7
d112_3,d112_4,7
d112_4,d112_5,7
d112_5,d112_16,1
d112_5,d112_6,7
d112_6,d112_1,7
d112_6,d112_9,1
d113_1,d113_2,7
d113_1,d113_7,1
d113_10,d113_17,1
d113_10,d113_18,1
d113_11,d113_13,2
d113_11,d113_14,2
d113_12,d113_15,2
d113_12,d113_16,2
d113_2,d113_12,1
d113_2,d113_3,7
d113_3,d113_4,7
d113_3,d113_8,1
d113_4,d113_11,1
d113_4,d113_5,7
d113_5,d113_10,1
d113_5,d113_6,7
d113_6,d113_1,7
d113_6,d113_9,1
d114_1,d114_2,7
d114_1,d114_22,1
d114_11,d114_12,7
d114_12,d114_13,7
d114_12,d114_17,1
d114_13,d114_14,7
d114_13,d114_18,1
d114_14,d114_15,7
d114_14,d114_19,1
d114_15,d114_16,7
d114_15,d114_20,1
d114_16,d114_11,7
d114_16,d114_21,1
d114_2,d114_3,7
d114_2,d114_7,1
d114_21,d114_25,1
d114_21,d114_26,1
d114_22,d114_23,2
d114_22,d114_24,2
d114_3,d114_4,7
d114_3,d114_8,1
d114_4,d114_11,1
d114_4,d114_5,7
d114_5,d114_6,7
d114_5,d114_9,1
d114_6,d114_1,7
d114_6,d114_10,1
d115_1,d115_2,7
d115_1,d115_7,1
d115_10,d115_11,1
d115_10,d115_12,1
d115_10,d115_13,1
d115_11,d115_16,1
d115_14,d115_11,2
d115_14,d115_15,1
d115_17,d115_18,2
d115_17,d115_19,2
d115_2,d115_3,7
d115_2,d115_8,1
d115_3,d115_10,1
d115_3,d115_4,7
d115_4,d115_14,1
d115_4,d115_5,7
d115_5,d115_6,7
d115_5,d115_9,1
d115_6,d115_1,7
d115_6,d115_17,1
d116_1,d116_2,7
d116_1,d116_7,1
d116_11,d116_13,2
d116_11,d116_14,2
d116_2,d116_12,1
d116_2,d116_3,7
d116_3,d116_4,7
d116_3,d116_8,1
d116_4,d116_5,7
d116_4,d116_9,1
d116_5,d116_11,1
d116_5,d116_6,7
d116_6,d116_1,7
d116_6,d116_10,1
d117_1,d117_2,7
d117_1,d117_7,1
d117_11,d117_12,7
d117_12,d117_13,7
d117_12,d117_17,1
d117_13,d117_14,7
d117_13,d117_18,1
d117_14,d117_15,7
d117_14,d117_21,1
d117_15,d117_16,7
d117_15,d117_19,1
d117_16,d117_11,7
d117_16,d117_20,1
d117_2,d117_3,7
d117_2,d117_8,1
d117_20,d117_25,2
d117_20,d117_26,2
d117_21,d117_27,2
d117_21,d117_28,2
d117_22,d117_23,2
d117_22,d117_24,2
d117_3,d117_4,7
d117_3,d117_9,1
d117_4,d117_11,1
d117_4,d117_5,7
d117_5,d117_10,1
d117_5,d117_6,7
d117_6,d117_1,7
d117_6,d117_22,1
d118_1,d118_2,1
d118_1,d118_33,1
d118_1,d118_34,1
d118_10,d118_4,7
d118_11,d118_12,7
d118_11,d118_25,1
d118_12,d118_13,7
d118_12,d118_26,1
d118_13,d118_14,7
d118_13,d118_18,7
d118_14,d118_15,7
d118_14,d118_9,7
d118_15,d118_16,7
d118_16,d118_17,7
d118_16,d118_27,1
d118_17,d118_10,7
d118_17,d118_28,1
d118_18,d118_19,7
d118_18,d118_21,1
d118_19,d118_20,7
d118_19,d118_29,1
d118_2,d118_3,1
d118_2,d118_31,1
d118_2,d118_32,1
d118_20,d118_15,7
d118_20,d118_30,1
d118_21,d118_22,2
d118_21,d118_23,2
d118_3,d118_4,7
d118_3,d118_7,7
d118_4,d118_5,1
d118_5,d118_37,1
d118_5,d118_38,1
d118_5,d118_6,1
d118_6,d118_1,1
d118_6,d118_35,1
d118_6,d118_36,1
d118_7,d118_24,1
d118_7,d118_8,7
d118_8,d118_11,7
d118_8,d118_9,7
d118_9,d118_10,7
d119_1,d119_2,7
d119_1,d119_7,1
d119_11,d119_12,7
d119_12,d119_13,7
d119_12,d119_17,1
d119_13,d119_14,7
d119_13,d119_18,1
d119_14,d119_15,7
d119_14,d119_21,1
d119_15,d119_16,7
d119_15,d119_19,1
d119_16,d119_11,7
d119_16,d119_20,1
d119_2,d119_3,7
d119_2,d119_8,1
d119_20,d119_25,2
d119_20,d119_26,2
d119_21,d119_27,2
d119_21,d119_28,2
d119_22,d119_23,2
d119_22,d119_24,2
d119_3,d119_4,7
d119_3,d119_9,1
d119_4,d119_11,1
d119_4,d119_5,7
d119_5,d119_22,1
d119_5,d119_6,7
d119_6,d119_1,7
d119_6,d119_10,1
d11_1,d11_2,7
d11_1,d11_7,1
d11_11,d11_12,7
d11_11,d11_16,7
d11_12,d11_13,7
d11_13,d11_14,7
d11_13,d11_15,1
d11_14,d11_5,7
d11_16,d11_17,7
d11_16,d11_20,1
d11_17,d11_18,7
d11_17,d11_21,1
d11_18,d11_19,7
d11_18,d11_23,1
d11_19,d11_12,7
d11_19,d11_22,1
d11_2,d11_3,7
d11_2,d11_8,1
d11_24,d11_14,1
d11_25,d11_24,2
d11_26,d11_24,2
d11_3,d11_4,7
d11_3,d11_9,1
d11_4,d11_11,7
d11_4,d11_5,7
d11_5,d11_6,7
d11_6,d11_1,7
d11_6,d11_10,1
d120_1,d120_14,1
d120_1,d120_2,7
d120_10,d120_18,1
d120_10,d120_19,1
d120_10,d120_20,1
d120_11,d120_12,2
d120_11,d120_13,2
d120_2,d120_15,1
d120_2,d120_3,7
d120_3,d120_4,7
d120_3,d120_7,7
d120_4,d120_5,7
d120_4,d120_9,7
d120_5,d120_16,1
d120_5,d120_6,7
d120_6,d120_1,7
d120_6,d120_11,1
d120_7,d120_10,1
d120_7,d120_8,7
d120_9,d120_17,1
d120_9,d120_8,7
d121_1,d121_2,7
d121_1,d121_26,1
d121_10,d121_11,7
d121_10,d121_25,1
d121_11,d121_12,7
d121_11,d121_24,1
d121_12,d121_4,7
d121_14,d121_15,7
d121_14,d121_5,1
d121_15,d121_12,1
d121_15,d121_16,7
d121_16,d121_17,7
d121_16,d121_20,1
d121_17,d121_18,7
d121_17,d121_21,1
d121_18,d121_19,7
d121_18,d121_22,1
d121_19,d121_14,7
d121_19,d121_23,1
d121_2,d121_3,7
d121_2,d121_7,1
d121_24,d121_27,2
d121_24,d121_28,2
d121_25,d121_29,2
d121_25,d121_30,2
d121_26,d121_31,2
d121_26,d121_32,2
d121_3,d121_4,7
d121_3,d121_9,7
d121_4,d121_5,7
d121_5,d121_6,7
d121_6,d121_1,7
d121_6,d121_8,1
d121_9,d121_10,7
d121_9,d121_13,1
d122_1,d122_2,7
d122_1,d122_7,1
d122_11,d122_12,7
d122_11,d122_30,1
d122_12,d122_13,7
d122_12,d122_15,1
d122_13,d122_14,7
d122_13,d122_16,7
d122_14,d122_4,7
d122_16,d122_17,7
d122_16,d122_22,7
d122_17,d122_18,7
d122_18,d122_19,7
d122_18,d122_20,1
d122_19,d122_14,7
d122_19,d122_21,1
d122_2,d122_3,7
d122_2,d122_8,1
d122_22,d122_23,7
d122_22,d122_26,1
d122_23,d122_24,7
d122_23,d122_27,1
d122_24,d122_25,7
d122_24,d122_28,1
d122_25,d122_17,7
d122_25,d122_29,1
d122_3,d122_11,7
d122_3,d122_4,7
d122_30,d122_31,2
d122_30,d122_32,2
d122_4,d122_5,7
d122_5,d122_6,7
d122_5,d122_9,1
d122_6,d122_1,7
d122_6,d122_10,1
d123_1,d123_2,7
d123_1,d123_7,1
d123_11,d123_12,7
d123_12,d123_13,7
d123_12,d123_17,1
d123_13,d123_14,7
d123_13,d123_18,1
d123_14,d123_15,7
d123_14,d123_28,1
d123_15,d123_16,7
d123_15,d123_19,1
d123_16,d123_11,7
d123_16,d123_23,1
d123_19,d123_20,1
d123_19,d123_21,1
d123_19,d123_22,1
d123_2,d123_3,7
d123_2,d123_8,1
d123_24,d123_25,1
d123_24,d123_26,1
d123_24,d123_27,1
d123_28,d123_29,2
d123_28,d123_30,2
d123_3,d123_4,7
d123_3,d123_9,1
d123_4,d123_11,1
d123_4,d123_5,7
d123_5,d123_24,1
d123_5,d123_6,7
d123_6,d123_1,7
d123_6,d123_10,1
d124_1,d124_2,7
d124_1,d124_7,1
d124_10,d124_13,2
d124_10,d124_14,2
d124_2,d124_12,1
d124_2,d124_3,7
d124_3,d124_4,7
d124_3,d124_8,1
d124_4,d124_11,1
d124_4,d124_5,7
d124_5,d124_10,1
d124_5,d124_6,7
d124_6,d124_1,7
d124_6,d124_9,1
d125_1,d125_18,1
d125_1,d125_2,7
d125_10,d125_11,7
d125_10,d125_4,7
d125_11,d125_12,7
d125_12,d125_13,7
d125_12,d125_21,1
d125_13,d125_22,1
d125_13,d125_5,7
d125_14,d125_15,7
d125_14,d125_23,1
d125_15,d125_16,7
d125_15,d125_17,1
d125_16,d125_11,7
d125_16,d125_24,1
d125_17,d125_29,2
d125_17,d125_30,2
d125_2,d125_19,1
d125_2,d125_3,7
d125_3,d125_4,7
d125_3,d125_7,1
d125_4,d125_5,7
d125_5,d125_6,7
d125_6,d125_1,7
d125_6,d125_20,1
d125_7,d125_25,1
d125_7,d125_26,1
d125_7,d125_8,1
d125_8,d125_27,1
d125_8,d125_28,1
d125_8,d125_9,1
d125_9,d125_10,7
d125_9,d125_14,7
d126_1,d126_2,7
d126_1,d126_24,1
d126_10,d126_11,1
d126_10,d126_22,1
d126_11,d126_12,7
d126_11,d126_14,7
d126_12,d126_13,1
d126_13,d126_21,1
d126_13,d126_4,1
d126_14,d126_15,7
d126_14,d126_18,1
d126_15,d126_16,7
d126_15,d126_19,1
d126_16,d126_17,7
d126_16,d126_20,1
d126_17,d126_12,7
d126_17,d126_23,1
d126_2,d126_3,7
d126_2,d126_7,1
d126_23,d126_25,2
d126_23,d126_26,2
d126_24,d126_27,2
d126_24,d126_28,2
d126_3,d126_10,1
d126_3,d126_4,7
d126_4,d126_5,7
d126_5,d126_6,7
d126_5,d126_8,1
d126_6,d126_1,7
d126_6,d126_9,1
d127_1,d127_2,7
d127_1,d127_7,1
d127_11,d127_12,7
d127_12,d127_13,7
d127_12,d127_17,1
d127_13,d127_14,7
d127_13,d127_18,1
d127_14,d127_15,7
d127_14,d127_22,1
d127_15,d127_16,7
d127_15,d127_20,1
d127_16,d127_11,7
d127_16,d127_19,1
d127_2,d127_3,7
d127_2,d127_8,1
d127_20,d127_23,2
d127_20,d127_24,2
d127_21,d127_27,2
d127_21,d127_28,2
d127_22,d127_25,2
d127_22,d127_26,2
d127_3,d127_4,7
d127_3,d127_9,1
d127_4,d127_11,1
d127_4,d127_5,7
d127_5,d127_10,1
d127_5,d127_6,7
d127_6,d127_1,7
d127_6,d127_21,1
d128_1,d128_13,1
d128_1,d128_2,7
d128_10,d128_12,7
d128_10,d128_4,7
d128_11,d128_12,7
d128_11,d128_18,1
d128_12,d128_19,1
d128_2,d128_14,1
d128_2,d128_3,7
d128_20,d128_21,2
d128_20,d128_22,2
d128_3,d128_4,7
d128_3,d128_7,7
d128_4,d128_5,7
d128_5,d128_11,7
d128_5,d128_6,7
d128_6,d128_1,7
d128_6,d128_15,1
d128_7,d128_20,1
d128_7,d128_8,7
d128_8,d128_16,1
d128_8,d128_9,7
d128_9,d128_10,7
d128_9,d128_17,1
d129_1,d129_2,7
d129_1,d129_7,1
d129_10,d129_11,1
d129_10,d129_12,1
d129_11,d129_13,1
d129_11,d129_14,1
d129_15,d129_17,2
d129_15,d129_18,2
d129_16,d129_19,2
d129_16,d129_20,2
d129_2,d129_16,1
d129_2,d129_3,7
d129_3,d129_4,7
d129_3,d129_8,1
d129_4,d129_15,1
d129_4,d129_5,7
d129_5,d129_10,1
d129_5,d129_6,7
d129_6,d129_1,7
d129_6,d129_9,1
d12_1,d12_2,7
d12_1,d12_7,1
d12_10,d12_11,7
d12_11,d12_12,7
d12_11,d12_13,1
d12_12,d12_14,1
d12_12,d12_5,7
d12_15,d12_16,7
d12_15,d12_18,1
d12_16,d12_17,7
d12_16,d12_19,1
d12_17,d12_20,7
d12_17,d12_9,7
d12_2,d12_3,7
d12_2,d12_8,1
d12_20,d12_21,7
d12_20,d12_23,1
d12_21,d12_22,7
d12_21,d12_24,1
d12_22,d12_10,7
d12_22,d12_28,1
d12_25,d12_6,1
d12_26,d12_25,2
d12_27,d12_25,2
d12_28,d12_29,1
d12_28,d12_30,1
d12_3,d12_15,7
d12_3,d12_4,7
d12_4,d12_5,7
d12_4,d12_9,7
d12_5,d12_6,7
d12_6,d12_1,7
d12_9,d12_10,7
d130_1,d130_2,7
d130_1,d130_7,1
d130_11,d130_12,1
d130_12,d130_13,1
d130_12,d130_14,1
d130_12,d130_15,1
d130_16,d130_17,2
d130_16,d130_18,2
d130_2,d130_3,7
d130_2,d130_8,1
d130_3,d130_4,7
d130_3,d130_9,1
d130_4,d130_16,1
d130_4,d130_5,7
d130_5,d130_11,1
d130_5,d130_6,7
d130_6,d130_1,7
d130_6,d130_10,1
d131_1,d131_2,7
d131_1,d131_7,1
d131_11,d131_12,2
d131_11,d131_13,1
d131_12,d131_14,1
d131_12,d131_15,1
d131_14,d131_16,1
d131_16,d131_17,7
d131_17,d131_18,7
d131_17,d131_22,1
d131_18,d131_19,7
d131_18,d131_23,1
d131_19,d131_20,7
d131_19,d131_24,1
d131_2,d131_27,1
d131_2,d131_3,7
d131_20,d131_21,7
d131_20,d131_25,1
d131_21,d131_16,7
d131_21,d131_26,1
d131_27,d131_28,2
d131_27,d131_29,2
d131_3,d131_4,7
d131_3,d131_8,1
d131_4,d131_5,7
d131_4,d131_9,1
d131_5,d131_11,1
d131_5,d131_6,7
d131_6,d131_1,7
d131_6,d131_10,1
d132_1,d132_2,7
d132_1,d132_7,1
d132_11,d132_12,2
d132_11,d132_13,1
d132_14,d132_15,2
d132_14,d132_16,2
d132_2,d132_3,7
d132_2,d132_8,1
d132_3,d132_4,7
d132_3,d132_9,1
d132_4,d132_14,1
d132_4,d132_5,7
d132_5,d132_11,1
d132_5,d132_6,7
d132_6,d132_1,7
d132_6,d132_10,1
d133_1,d133_2,7
d133_1,d133_21,1
d133_10,d133_11,7
d133_10,d133_13,7
d133_11,d133_12,1
d133_12,d133_4,1
d133_13,d133_14,7
d133_13,d133_17,1
d133_14,d133_15,7
d133_14,d133_20,1
d133_15,d133_16,7
d133_15,d133_18,1
d133_16,d133_11,7
d133_16,d133_19,1
d133_18,d133_23,2
d133_18,d133_24,2
d133_2,d133_3,7
d133_2,d133_7,1
d133_3,d133_4,7
d133_3,d133_9,1
d133_4,d133_5,7
d133_5,d133_6,7
d133_5,d133_8,1
d133_6,d133_1,7
d133_6,d133_22,1
d133_9,d133_10,1
d134_1,d134_2,7
d134_1,d134_28,1
d134_10,d134_11,7
d134_10,d134_4,7
d134_11,d134_12,7
d134_12,d134_13,7
d134_12,d134_19,1
d134_13,d134_20,1
d134_13,d134_5,7
d134_14,d134_15,7
d134_14,d134_21,1
d134_15,d134_16,7
d134_16,d134_11,7
d134_16,d134_22,1
d134_2,d134_17,1
d134_2,d134_3,7
d134_27,d134_15,1
d134_27,d134_29,2
d134_27,d134_30,2
d134_28,d134_31,2
d134_28,d134_32,2
d134_3,d134_4,7
d134_3,d134_7,1
d134_4,d134_5,7
d134_5,d134_6,7
d134_6,d134_1,7
d134_6,d134_18,1
d134_7,d134_23,1
d134_7,d134_24,1
d134_7,d134_8,1
d134_8,d134_25,1
d134_8,d134_26,1
d134_8,d134_9,1
d134_9,d134_10,7
d134_9,d134_14,7
d135_1,d135_2,7
d135_1,d135_7,1
d135_10,d135_11,2
d135_10,d135_12,2
d135_2,d135_14,1
d135_2,d135_3,7
d135_3,d135_13,1
d135_3,d135_4,7
d135_4,d135_5,7
d135_4,d135_8,1
d135_5,d135_10,1
d135_5,d135_6,7
d135_6,d135_1,7
d135_6,d135_9,1
d136_1,d136_2,7
d136_1,d136_7,1
d136_10,d136_11,7
d136_10,d136_14,1
d136_11,d136_12,7
d136_11,d136_15,1
d136_12,d136_13,7
d136_12,d136_21,7
d136_13,d136_16,7
d136_13,d136_4,7
d136_16,d136_17,7
d136_17,d136_18,7
d136_17,d136_19,1
d136_18,d136_20,1
d136_18,d136_5,7
d136_2,d136_3,7
d136_2,d136_8,1
d136_21,d136_22,7
d136_21,d136_26,1
d136_22,d136_23,7
d136_22,d136_24,1
d136_23,d136_16,7
d136_23,d136_25,1
d136_25,d136_29,1
d136_26,d136_27,2
d136_26,d136_28,2
d136_3,d136_10,7
d136_3,d136_4,7
d136_4,d136_5,7
d136_5,d136_6,7
d136_6,d136_1,7
d136_6,d136_9,1
d137_1,d137_2,7
d137_1,d137_7,1
d137_10,d137_11,7
d137_10,d137_26,1
d137_11,d137_12,7
d137_11,d137_25,1
d137_12,d137_13,7
d137_12,d137_14,1
d137_13,d137_4,7
d137_15,d137_16,7
d137_15,d137_5,1
d137_16,d137_13,1
d137_16,d137_17,7
d137_17,d137_18,7
d137_17,d137_21,1
d137_18,d137_19,7
d137_18,d137_22,1
d137_19,d137_20,7
d137_19,d137_23,1
d137_2,d137_3,7
d137_2,d137_8,1
d137_20,d137_15,7
d137_20,d137_24,1
d137_25,d137_27,2
d137_25,d137_28,2
d137_26,d137_29,2
d137_26,d137_30,2
d137_3,d137_10,7
d137_3,d137_4,7
d137_4,d137_5,7
d137_5,d137_6,7
d137_6,d137_1,7
d137_6,d137_9,1
d138_1,d138_11,1
d138_1,d138_2,7
d138_10,d138_18,1
d138_10,d138_19,1
d138_10,d138_20,1
d138_11,d138_12,2
d138_11,d138_13,2
d138_2,d138_14,1
d138_2,d138_3,7
d138_3,d138_4,7
d138_3,d138_7,7
d138_4,d138_5,7
d138_4,d138_9,7
d138_5,d138_15,1
d138_5,d138_6,7
d138_6,d138_1,7
d138_6,d138_16,1
d138_7,d138_21,1
d138_7,d138_8,7
d138_8,d138_10,1
d138_9,d138_17,1
d138_9,d138_8,7
d139_1,d139_2,7
d139_1,d139_7,1
d139_10,d139_11,1
d139_10,d139_12,1
d139_13,d139_15,2
d139_13,d139_16,2
d139_2,d139_14,1
d139_2,d139_3,7
d139_3,d139_4,7
d139_3,d139_8,1
d139_4,d139_13,1
d139_4,d139_5,7
d139_5,d139_10,1
d139_5,d139_6,7
d139_6,d139_1,7
d139_6,d139_9,1
d13_1,d13_2,7
d13_1,d13_23,1
d13_10,d13_4,7
d13_11,d13_12,7
d13_11,d13_27,1
d13_12,d13_13,7
d13_12,d13_5,1
d13_13,d13_10,1
d13_13,d13_14,7
d13_14,d13_15,7
d13_14,d13_28,1
d13_15,d13_16,7
d13_15,d13_29,1
d13_16,d13_11,7
d13_16,d13_30,1
d13_17,d13_19,2
d13_17,d13_20,2
d13_18,d13_21,2
d13_18,d13_22,2
d13_2,d13_18,1
d13_2,d13_3,7
d13_3,d13_4,7
d13_3,d13_7,7
d13_4,d13_5,7
d13_5,d13_6,7
d13_6,d13_1,7
d13_6,d13_24,1
d13_7,d13_25,1
d13_7,d13_8,7
d13_8,d13_17,1
d13_8,d13_9,7
d13_9,d13_10,7
d13_9,d13_26,1
d140_1,d140_2,7
d140_1,d140_7,1
d140_10,d140_11,7
d140_10,d140_14,1
d140_11,d140_12,7
d140_11,d140_15,1
d140_12,d140_13,7
d140_12,d140_16,1
d140_13,d140_17,1
d140_13,d140_4,7
d140_17,d140_21,2
d140_17,d140_22,2
d140_18,d140_19,2
d140_18,d140_20,2
d140_2,d140_3,7
d140_2,d140_8,1
d140_3,d140_10,7
d140_3,d140_4,7
d140_4,d140_5,7
d140_5,d140_18,1
d140_5,d140_6,7
d140_6,d140_1,7
d140_6,d140_9,1
d141_1,d141_2,7
d141_1,d141_7,1
d141_10,d141_13,2
d141_10,d141_14,2
d141_2,d141_3,7
d141_2,d141_8,1
d141_3,d141_12,1
d141_3,d141_4,7
d141_4,d141_11,1
d141_4,d141_5,7
d141_5,d141_10,1
d141_5,d141_6,7
d141_6,d141_1,7
d141_6,d141_9,1
d142_1,d142_2,7
d142_1,d142_24,1
d142_10,d142_11,7
d142_10,d142_13,7
d142_11,d142_12,1
d142_12,d142_4,1
d142_13,d142_14,7
d142_13,d142_17,1
d142_14,d142_15,7
d142_14,d142_23,1
d142_15,d142_16,7
d142_15,d142_22,1
d142_16,d142_11,7
d142_16,d142_18,1
d142_19,d142_20,2
d142_19,d142_21,2
d142_2,d142_3,7
d142_2,d142_7,1
d142_3,d142_4,7
d142_3,d142_9,1
d142_4,d142_5,7
d142_5,d142_6,7
d142_5,d142_8,1
d142_6,d142_1,7
d142_6,d142_19,1
d142_9,d142_10,1
d143_1,d143_2,7
d143_1,d143_7,1
d143_11,d143_12,1
d143_12,d143_13,7
d143_13,d143_14,7
d143_13,d143_18,1
d143_14,d143_15,7
d143_14,d143_19,1
d143_15,d143_16,7
d143_15,d143_20,1
d143_16,d143_17,7
d143_16,d143_21,1
d143_17,d143_12,7
d143_17,d143_22,1
d143_2,d143_3,7
d143_2,d143_8,1
d143_23,d143_24,2
d143_23,d143_25,2
d143_3,d143_4,7
d143_3,d143_9,1
d143_4,d143_23,1
d143_4,d143_5,7
d143_5,d143_11,1
d143_5,d143_6,7
d143_6,d143_1,7
d143_6,d143_10,1
d144_1,d144_12,1
d144_1,d144_2,7
d144_10,d144_13,2
d144_10,d144_14,2
d144_2,d144_3,7
d144_2,d144_7,1
d144_3,d144_4,7
d144_3,d144_8,1
d144_4,d144_11,1
d144_4,d144_5,7
d144_5,d144_10,1
d144_5,d144_6,7
d144_6,d144_1,7
d144_6,d144_9,1
d145_1,d145_2,7
d145_1,d145_22,1
d145_11,d145_12,7
d145_12,d145_13,7
d145_12,d145_17,1
d145_13,d145_14,7
d145_13,d145_18,1
d145_14,d145_15,7
d145_14,d145_19,1
d145_15,d145_16,7
d145_15,d145_21,1
d145_16,d145_11,7
d145_16,d145_20,1
d145_2,d145_3,7
d145_2,d145_7,1
d145_21,d145_25,1
d145_21,d145_26,1
d145_22,d145_23,2
d145_22,d145_24,2
d145_3,d145_4,7
d145_3,d145_8,1
d145_4,d145_11,1
d145_4,d145_5,7
d145_5,d145_6,7
d145_5,d145_9,1
d145_6,d145_1,7
d145_6,d145_10,1
d146_1,d146_2,7
d146_1,d146_20,1
d146_11,d146_12,7
d146_12,d146_13,7
d146_12,d146_17,1
d146_13,d146_14,7
d146_13,d146_18,1
d146_14,d146_15,7
d146_14,d146_24,1
d146_15,d146_16,7
d146_15,d146_23,1
d146_16,d146_11,7
d146_16,d146_19,1
d146_2,d146_3,7
d146_2,d146_7,1
d146_20,d146_21,2
d146_20,d146_22,2
d146_24,d146_25,1
d146_24,d146_26,1
d146_3,d146_4,7
d146_3,d146_8,1
d146_4,d146_11,1
d146_4,d146_5,7
d146_5,d146_6,7
d146_5,d146_9,1
d146_6,d146_1,7
d146_6,d146_10,1
d147_1,d147_14,1
d147_1,d147_2,7
d147_10,d147_17,1
d147_10,d147_18,1
d147_10,d147_19,1
d147_11,d147_12,2
d147_11,d147_13,2
d147_2,d147_15,1
d147_2,d147_3,7
d147_3,d147_4,7
d147_3,d147_7,7
d147_4,d147_5,7
d147_4,d147_9,7
d147_5,d147_16,1
d147_5,d147_6,7
d147_6,d147_1,7
d147_6,d147_11,1
d147_7,d147_8,7
d147_8,d147_10,1
d147_9,d147_8,7
d148_1,d148_13,1
d148_1,d148_2,7
d148_10,d148_12,7
d148_10,d148_4,7
d148_11,d148_12,7
d148_11,d148_18,1
d148_12,d148_19,1
d148_2,d148_14,1
d148_2,d148_3,7
d148_20,d148_21,2
d148_20,d148_22,2
d148_3,d148_4,7
d148_3,d148_7,7
d148_4,d148_5,7
d148_5,d148_11,7
d148_5,d148_6,7
d148_6,d148_1,7
d148_6,d148_15,1
d148_7,d148_16,1
d148_7,d148_8,7
d148_8,d148_17,1
d148_8,d148_9,7
d148_9,d148_10,7
d148_9,d148_20,1
d149_1,d149_2,7
d149_1,d149_24,1
d149_10,d149_11,1
d149_10,d149_22,1
d149_11,d149_12,7
d149_11,d149_14,7
d149_12,d149_13,1
d149_13,d149_21,1
d149_13,d149_4,1
d149_14,d149_15,7
d149_14,d149_18,1
d149_15,d149_16,7
d149_15,d149_19,1
d149_16,d149_17,7
d149_16,d149_23,1
d149_17,d149_12,7
d149_17,d149_20,1
d149_2,d149_3,7
d149_2,d149_7,1
d149_23,d149_25,2
d149_23,d149_26,2
d149_24,d149_27,2
d149_24,d149_28,2
d149_3,d149_10,1
d149_3,d149_4,7
d149_4,d149_5,7
d149_5,d149_6,7
d149_5,d149_8,1
d149_6,d149_1,7
d149_6,d149_9,1
d14_1,d14_11,1
d14_1,d14_2,7
d14_10,d14_18,1
d14_10,d14_19,1
d14_10,d14_20,1
d14_11,d14_13,2
d14_12,d14_11,2
d14_2,d14_14,1
d14_2,d14_3,7
d14_3,d14_4,7
d14_4,d14_5,7
d14_4,d14_7,7
d14_5,d14_15,1
d14_5,d14_6,7
d14_6,d14_1,7
d14_6,d14_16,1
d14_7,d14_17,1
d14_7,d14_8,7
d14_8,d14_9,7
d14_9,d14_10,1
d14_9,d14_3,7
d150_1,d150_2,7
d150_1,d150_6,1
d150_10,d150_11,1
d150_10,d150_16,1
d150_10,d150_17,1
d150_11,d150_18,1
d150_12,d150_19,1
d150_12,d150_20,1
d150_12,d150_21,1
d150_2,d150_13,1
d150_2,d150_3,7
d150_3,d150_4,7
d150_4,d150_12,1
d150_4,d150_5,7
d150_5,d150_1,7
d150_5,d150_9,1
d150_6,d150_7,2
d150_6,d150_8,2
d150_9,d150_10,1
d150_9,d150_14,1
d150_9,d150_15,1
d151_1,d151_13,1
d151_1,d151_2,7
d151_10,d151_11,2
d151_10,d151_12,2
d151_2,d151_10,1
d151_2,d151_3,7
d151_3,d151_4,7
d151_3,d151_7,7
d151_4,d151_5,7
d151_4,d151_9,7
d151_5,d151_14,1
d151_5,d151_6,7
d151_6,d151_1,7
d151_6,d151_15,1
d151_7,d151_17,1
d151_7,d151_8,7
d151_9,d151_16,1
d151_9,d151_8,7
d152_1,d152_2,7
d152_1,d152_26,1
d152_10,d152_11,7
d152_10,d152_25,1
d152_11,d152_12,7
d152_11,d152_14,1
d152_12,d152_4,7
d152_15,d152_16,7
d152_15,d152_5,1
d152_16,d152_12,1
d152_16,d152_17,7
d152_17,d152_18,7
d152_17,d152_21,1
d152_18,d152_19,7
d152_18,d152_22,1
d152_19,d152_20,7
d152_19,d152_23,1
d152_2,d152_3,7
d152_2,d152_7,1
d152_20,d152_15,7
d152_20,d152_24,1
d152_25,d152_29,2
d152_25,d152_30,2
d152_26,d152_27,2
d152_26,d152_28,2
d152_3,d152_4,7
d152_3,d152_9,7
d152_4,d152_5,7
d152_5,d152_6,7
d152_6,d152_1,7
d152_6,d152_8,1
d152_9,d152_10,7
d152_9,d152_13,1
d153_1,d153_2,7
d153_1,d153_7,1
d153_10,d153_11,7
d153_10,d153_22,1
d153_11,d153_12,7
d153_11,d153_14,1
d153_12,d153_13,7
d153_12,d153_15,1
d153_13,d153_17,1
d153_13,d153_4,7
d153_16,d153_17,1
d153_16,d153_18,1
d153_16,d153_19,1
d153_17,d153_20,1
d153_17,d153_21,1
d153_2,d153_3,7
d153_2,d153_8,1
d153_22,d153_23,2
d153_22,d153_24,2
d153_3,d153_10,7
d153_3,d153_4,7
d153_4,d153_5,7
d153_5,d153_16,1
d153_5,d153_6,7
d153_6,d153_1,7
d153_6,d153_9,1
d154_1,d154_13,1
d154_1,d154_2,7
d154_10,d154_11,2
d154_10,d154_12,2
d154_2,d154_14,1
d154_2,d154_3,7
d154_3,d154_4,7
d154_3,d154_7,7
d154_4,d154_5,7
d154_4,d154_9,7
d154_5,d154_15,1
d154_5,d154_6,7
d154_6,d154_1,7
d154_6,d154_16,1
d154_7,d154_17,1
d154_7,d154_8,7
d154_8,d154_10,1
d154_9,d154_8,7
d155_1,d155_2,7
d155_1,d155_7,1
d155_10,d155_11,1
d155_11,d155_12,1
d155_11,d155_13,1
d155_11,d155_14,1
d155_15,d155_17,2
d155_15,d155_18,2
d155_16,d155_19,2
d155_16,d155_20,2
d155_2,d155_16,1
d155_2,d155_3,7
d155_3,d155_4,7
d155_3,d155_8,1
d155_4,d155_15,1
d155_4,d155_5,7
d155_5,d155_10,1
d155_5,d155_6,7
d155_6,d155_1,7
d155_6,d155_9,1
d156_1,d156_18,1
d156_1,d156_2,7
d156_10,d156_11,1
d156_10,d156_13,1
d156_11,d156_16,1
d156_11,d156_17,1
d156_12,d156_11,1
d156_12,d156_14,1
d156_12,d156_15,1
d156_18,d156_19,2
d156_18,d156_20,2
d156_2,d156_3,7
d156_2,d156_7,1
d156_3,d156_10,1
d156_3,d156_4,7
d156_4,d156_12,1
d156_4,d156_5,7
d156_5,d156_6,7
d156_5,d156_8,1
d156_6,d156_1,7
d156_6,d156_9,1
d157_1,d157_2,1
d157_1,d157_26,1
d157_10,d157_11,7
d157_10,d157_4,7
d157_11,d157_12,7
d157_12,d157_13,7
d157_12,d157_19,1
d157_13,d157_20,1
d157_13,d157_5,7
d157_14,d157_15,7
d157_14,d157_21,1
d157_15,d157_16,7
d157_15,d157_22,1
d157_16,d157_11,7
d157_16,d157_27,1
d157_2,d157_23,1
d157_2,d157_24,1
d157_2,d157_3,1
d157_27,d157_28,2
d157_27,d157_29,2
d157_3,d157_4,7
d157_3,d157_7,7
d157_4,d157_5,7
d157_5,d157_6,1
d157_6,d157_1,2
d157_6,d157_25,1
d157_7,d157_17,1
d157_7,d157_8,7
d157_8,d157_18,1
d157_8,d157_9,7
d157_9,d157_10,7
d157_9,d157_14,7
d158_1,d158_2,7
d158_1,d158_22,1
d158_10,d158_11,7
d158_11,d158_12,7
d158_11,d158_16,1
d158_12,d158_13,7
d158_12,d158_25,1
d158_13,d158_14,7
d158_13,d158_17,1
d158_14,d158_15,7
d158_14,d158_18,1
d158_15,d158_10,7
d158_19,d158_10,1
d158_19,d158_20,1
d158_19,d158_21,1
d158_2,d158_3,7
d158_2,d158_7,1
d158_22,d158_24,2
d158_23,d158_22,2
d158_25,d158_26,1
d158_25,d158_28,1
d158_26,d158_27,1
d158_26,d158_29,2
d158_27,d158_30,1
d158_27,d158_31,1
d158_27,d158_32,1
d158_3,d158_19,1
d158_3,d158_4,7
d158_4,d158_15,1
d158_4,d158_5,7
d158_5,d158_6,7
d158_5,d158_8,1
d158_6,d158_1,7
d158_6,d158_9,1
d159_1,d159_2,2
d159_1,d159_25,1
d159_10,d159_11,7
d159_10,d159_4,7
d159_11,d159_12,7
d159_12,d159_13,7
d159_12,d159_19,1
d159_13,d159_20,1
d159_13,d159_5,7
d159_14,d159_15,7
d159_14,d159_21,1
d159_15,d159_16,7
d159_15,d159_22,1
d159_16,d159_11,7
d159_16,d159_27,1
d159_2,d159_26,1
d159_2,d159_3,1
d159_27,d159_28,2
d159_27,d159_29,2
d159_3,d159_4,7
d159_3,d159_7,7
d159_4,d159_5,7
d159_5,d159_6,1
d159_6,d159_1,1
d159_6,d159_23,1
d159_6,d159_24,1
d159_7,d159_17,1
d159_7,d159_8,7
d159_8,d159_18,1
d159_8,d159_9,7
d159_9,d159_10,7
d159_9,d159_14,7
d15_1,d15_2,7
d15_1,d15_7,1
d15_10,d15_11,7
d15_11,d15_12,7
d15_12,d15_13,7
d15_12,d15_14,1
d15_13,d15_15,1
d15_13,d15_5,7
d15_16,d15_17,7
d15_16,d15_19,1
d15_17,d15_18,7
d15_17,d15_20,1
d15_18,d15_10,7
d15_18,d15_21,7
d15_2,d15_3,7
d15_2,d15_8,1
d15_21,d15_22,7
d15_21,d15_24,1
d15_22,d15_23,7
d15_22,d15_25,1
d15_23,d15_11,7
d15_26,d15_23,1
d15_26,d15_27,2
d15_26,d15_28,2
d15_3,d15_16,7
d15_3,d15_4,7
d15_4,d15_10,7
d15_4,d15_5,7
d15_5,d15_6,7
d15_6,d15_1,7
d15_6,d15_9,1
d160_1,d160_2,7
d160_1,d160_7,1
d160_13,d160_17,2
d160_13,d160_18,2
d160_14,d160_15,2
d160_14,d160_16,2
d160_2,d160_13,1
d160_2,d160_3,7
d160_3,d160_4,7
d160_3,d160_8,1
d160_4,d160_12,1
d160_4,d160_5,7
d160_5,d160_6,7
d160_5,d160_9,1
d160_6,d160_1,7
d160_6,d160_14,1
d160_9,d160_10,1
d160_9,d160_11,1
d161_1,d161_2,7
d161_1,d161_7,1
d161_10,d161_11,7
d161_10,d161_14,1
d161_11,d161_12,7
d161_11,d161_18,7
d161_12,d161_15,7
d161_12,d161_4,7
d161_15,d161_16,7
d161_16,d161_17,7
d161_16,d161_23,7
d161_17,d161_5,7
d161_18,d161_19,7
d161_18,d161_21,1
d161_19,d161_20,7
d161_19,d161_22,1
d161_2,d161_3,7
d161_2,d161_32,1
d161_20,d161_15,7
d161_20,d161_31,1
d161_23,d161_24,7
d161_23,d161_27,1
d161_24,d161_25,7
d161_24,d161_28,1
d161_25,d161_26,7
d161_25,d161_29,1
d161_26,d161_17,7
d161_26,d161_30,1
d161_3,d161_4,7
d161_3,d161_9,7
d161_31,d161_33,2
d161_31,d161_34,2
d161_32,d161_35,2
d161_32,d161_36,2
d161_4,d161_5,7
d161_5,d161_6,7
d161_6,d161_1,7
d161_6,d161_8,1
d161_9,d161_10,7
d161_9,d161_13,1
d162_1,d162_2,7
d162_1,d162_22,1
d162_10,d162_11,7
d162_11,d162_12,7
d162_11,d162_16,1
d162_12,d162_13,7
d162_12,d162_17,1
d162_13,d162_14,7
d162_13,d162_20,1
d162_14,d162_15,7
d162_14,d162_19,1
d162_15,d162_10,7
d162_15,d162_18,1
d162_19,d162_27,2
d162_19,d162_28,2
d162_2,d162_3,7
d162_2,d162_7,1
d162_20,d162_29,2
d162_20,d162_30,2
d162_21,d162_25,2
d162_21,d162_26,2
d162_22,d162_23,2
d162_22,d162_24,2
d162_3,d162_4,7
d162_3,d162_8,1
d162_4,d162_10,1
d162_4,d162_5,7
d162_5,d162_6,7
d162_5,d162_9,1
d162_6,d162_1,7
d162_6,d162_21,1
d163_1,d163_2,7
d163_1,d163_26,1
d163_10,d163_11,7
d163_10,d163_14,1
d163_11,d163_12,7
d163_11,d163_20,7
d163_12,d163_15,7
d163_12,d163_4,7
d163_15,d163_16,7
d163_16,d163_17,7
d163_16,d163_18,1
d163_17,d163_19,1
d163_17,d163_5,7
d163_2,d163_3,7
d163_2,d163_7,1
d163_20,d163_21,7
d163_20,d163_23,1
d163_21,d163_22,7
d163_21,d163_25,1
d163_22,d163_15,7
d163_22,d163_24,1
d163_25,d163_27,2
d163_25,d163_28,2
d163_26,d163_29,2
d163_26,d163_30,2
d163_3,d163_4,7
d163_3,d163_9,7
d163_4,d163_5,7
d163_5,d163_6,7
d163_6,d163_1,7
d163_6,d163_8,1
d163_9,d163_10,7
d163_9,d163_13,1
d164_1,d164_2,7
d164_1,d164_24,1
d164_10,d164_11,7
d164_10,d164_14,1
d164_11,d164_12,7
d164_11,d164_20,7
d164_12,d164_15,7
d164_12,d164_4,7
d164_15,d164_16,7
d164_16,d164_17,7
d164_16,d164_18,1
d164_17,d164_19,1
d164_17,d164_5,7
d164_2,d164_3,7
d164_2,d164_7,1
d164_20,d164_21,7
d164_20,d164_26,1
d164_21,d164_22,7
d164_21,d164_23,1
d164_22,d164_15,7
d164_22,d164_25,1
d164_25,d164_27,2
d164_25,d164_28,2
d164_26,d164_29,2
d164_26,d164_30,2
d164_3,d164_4,7
d164_3,d164_9,7
d164_4,d164_5,7
d164_5,d164_6,7
d164_6,d164_1,7
d164_6,d164_8,1
d164_9,d164_10,7
d164_9,d164_13,1
d165_1,d165_2,7
d165_1,d165_7,1
d165_10,d165_11,7
d165_10,d165_14,1
d165_11,d165_12,7
d165_11,d165_15,1
d165_12,d165_13,7
d165_12,d165_16,1
d165_13,d165_4,7
d165_17,d165_18,7
d165_17,d165_5,1
d165_18,d165_13,1
d165_18,d165_19,7
d165_19,d165_20,7
d165_19,d165_23,1
d165_2,d165_3,7
d165_2,d165_8,1
d165_20,d165_21,7
d165_20,d165_24,1
d165_21,d165_22,7
d165_21,d165_26,1
d165_22,d165_17,7
d165_22,d165_25,1
d165_26,d165_27,2
d165_26,d165_28,2
d165_3,d165_10,7
d165_3,d165_4,7
d165_4,d165_5,7
d165_5,d165_6,7
d165_6,d165_1,7
d165_6,d165_9,1
d166_1,d166_2,7
d166_1,d166_7,1
d166_10,d166_11,7
d166_10,d166_14,1
d166_11,d166_12,7
d166_11,d166_15,1
d166_12,d166_13,7
d166_12,d166_21,7
d166_13,d166_16,7
d166_13,d166_4,7
d166_16,d166_17,7
d166_17,d166_18,7
d166_17,d166_19,1
d166_18,d166_20,1
d166_18,d166_5,7
d166_2,d166_3,7
d166_2,d166_8,1
d166_21,d166_22,7
d166_21,d166_28,1
d166_22,d166_23,7
d166_22,d166_24,1
d166_23,d166_16,7
d166_23,d166_25,1
d166_25,d166_26,2
d166_25,d166_27,2
d166_28,d166_29,1
d166_29,d166_30,2
d166_29,d166_31,1
d166_3,d166_10,7
d166_3,d166_4,7
d166_31,d166_32,1
d166_31,d166_33,1
d166_31,d166_34,1
d166_4,d166_5,7
d166_5,d166_6,7
d166_6,d166_1,7
d166_6,d166_9,1
d167_1,d167_2,7
d167_1,d167_7,1
d167_10,d167_11,7
d167_10,d167_14,1
d167_11,d167_12,7
d167_11,d167_20,7
d167_12,d167_15,7
d167_12,d167_4,7
d167_15,d167_16,7
d167_16,d167_17,7
d167_16,d167_18,1
d167_17,d167_19,1
d167_17,d167_5,7
d167_2,d167_26,1
d167_2,d167_3,7
d167_20,d167_21,7
d167_20,d167_23,1
d167_21,d167_22,7
d167_21,d167_24,1
d167_22,d167_15,7
d167_22,d167_25,1
d167_25,d167_27,2
d167_25,d167_28,2
d167_26,d167_29,2
d167_26,d167_30,2
d167_3,d167_4,7
d167_3,d167_9,7
d167_4,d167_5,7
d167_5,d167_6,7
d167_6,d167_1,7
d167_6,d167_8,1
d167_9,d167_10,7
d167_9,d167_13,1
d168_1,d168_2,7
d168_1,d168_7,1
d168_11,d168_12,1
d168_12,d168_13,1
d168_12,d168_14,1
d168_12,d168_15,1
d168_16,d168_17,2
d168_16,d168_18,2
d168_2,d168_16,1
d168_2,d168_3,7
d168_3,d168_4,7
d168_3,d168_8,1
d168_4,d168_5,7
d168_4,d168_9,1
d168_5,d168_11,1
d168_5,d168_6,7
d168_6,d168_1,7
d168_6,d168_10,1
d169_1,d169_2,7
d169_1,d169_7,1
d169_11,d169_13,2
d169_11,d169_14,2
d169_12,d169_15,2
d169_12,d169_16,2
d169_2,d169_12,1
d169_2,d169_3,7
d169_3,d169_4,7
d169_3,d169_8,1
d169_4,d169_11,1
d169_4,d169_5,7
d169_5,d169_10,1
d169_5,d169_6,7
d169_6,d169_1,7
d169_6,d169_9,1
d16_1,d16_2,7
d16_1,d16_23,1
d16_10,d16_4,7
d16_11,d16_12,7
d16_11,d16_5,1
d16_12,d16_10,1
d16_12,d16_13,7
d16_13,d16_14,7
d16_13,d16_30,1
d16_14,d16_15,7
d16_14,d16_27,1
d16_15,d16_16,7
d16_15,d16_28,1
d16_16,d16_11,7
d16_16,d16_29,1
d16_17,d16_19,2
d16_17,d16_20,2
d16_18,d16_21,2
d16_18,d16_22,2
d16_2,d16_18,1
d16_2,d16_3,7
d16_3,d16_4,7
d16_3,d16_7,7
d16_4,d16_5,7
d16_5,d16_6,7
d16_6,d16_1,7
d16_6,d16_24,1
d16_7,d16_17,1
d16_7,d16_8,7
d16_8,d16_25,1
d16_8,d16_9,7
d16_9,d16_10,7
d16_9,d16_26,1
d170_1,d170_2,7
d170_1,d170_7,1
d170_11,d170_12,1
d170_11,d170_23,1
d170_12,d170_13,7
d170_12,d170_15,7
d170_13,d170_14,1
d170_14,d170_22,1
d170_14,d170_4,1
d170_15,d170_16,7
d170_15,d170_19,1
d170_16,d170_17,7
d170_16,d170_20,1
d170_17,d170_18,7
d170_17,d170_21,1
d170_18,d170_13,7
d170_18,d170_24,1
d170_2,d170_3,7
d170_2,d170_8,1
d170_24,d170_25,2
d170_24,d170_26,2
d170_3,d170_11,1
d170_3,d170_4,7
d170_4,d170_5,7
d170_5,d170_6,7
d170_5,d170_9,1
d170_6,d170_1,7
d170_6,d170_10,1
d171_1,d171_2,7
d171_1,d171_22,1
d171_10,d171_11,7
d171_11,d171_12,7
d171_11,d171_16,1
d171_12,d171_13,7
d171_12,d171_17,1
d171_13,d171_14,7
d171_13,d171_20,1
d171_14,d171_15,7
d171_14,d171_18,1
d171_15,d171_10,7
d171_15,d171_19,1
d171_19,d171_27,2
d171_19,d171_28,2
d171_2,d171_3,7
d171_2,d171_7,1
d171_20,d171_29,2
d171_20,d171_30,2
d171_21,d171_25,2
d171_21,d171_26,2
d171_22,d171_23,2
d171_22,d171_24,2
d171_3,d171_4,7
d171_3,d171_8,1
d171_4,d171_10,1
d171_4,d171_5,7
d171_5,d171_21,1
d171_5,d171_6,7
d171_6,d171_1,7
d171_6,d171_9,1
d172_1,d172_10,1
d172_1,d172_2,7
d172_10,d172_11,2
d172_10,d172_12,2
d172_2,d172_14,1
d172_2,d172_3,7
d172_3,d172_4,7
d172_3,d172_7,7
d172_4,d172_5,7
d172_4,d172_9,7
d172_5,d172_15,1
d172_5,d172_6,7
d172_6,d172_1,7
d172_6,d172_16,1
d172_7,d172_13,1
d172_7,d172_8,7
d172_9,d172_17,1
d172_9,d172_8,7
d173_1,d173_2,7
d173_10,d173_11,7
d173_10,d173_22,1
d173_11,d173_12,7
d173_11,d173_16,1
d173_12,d173_13,7
d173_12,d173_17,1
d173_13,d173_1,1
d173_13,d173_14,7
d173_14,d173_15,7
d173_14,d173_18,1
d173_15,d173_10,7
d173_15,d173_19,1
d173_2,d173_3,7
d173_2,d173_7,1
d173_20,d173_25,2
d173_20,d173_26,2
d173_21,d173_27,2
d173_21,d173_28,2
d173_22,d173_23,2
d173_22,d173_24,2
d173_3,d173_4,7
d173_3,d173_8,1
d173_4,d173_21,1
d173_4,d173_5,7
d173_5,d173_20,1
d173_5,d173_6,7
d173_6,d173_1,7
d173_6,d173_9,1
d174_1,d174_2,7
d174_1,d174_7,1
d174_10,d174_11,7
d174_10,d174_25,1
d174_11,d174_12,7
d174_11,d174_14,1
d174_12,d174_13,7
d174_12,d174_15,1
d174_13,d174_4,7
d174_16,d174_17,7
d174_16,d174_5,1
d174_17,d174_13,1
d174_17,d174_18,7
d174_18,d174_19,7
d174_18,d174_22,1
d174_19,d174_20,7
d174_19,d174_26,1
d174_2,d174_3,7
d174_2,d174_8,1
d174_20,d174_21,7
d174_20,d174_23,1
d174_21,d174_16,7
d174_21,d174_24,1
d174_25,d174_27,2
d174_25,d174_28,2
d174_26,d174_29,2
d174_26,d174_30,2
d174_3,d174_10,7
d174_3,d174_4,7
d174_4,d174_5,7
d174_5,d174_6,7
d174_6,d174_1,7
d174_6,d174_9,1
d175_1,d175_2,7
d175_1,d175_23,1
d175_10,d175_11,7
d175_10,d175_13,7
d175_11,d175_12,1
d175_12,d175_4,1
d175_13,d175_14,7
d175_13,d175_22,1
d175_14,d175_15,7
d175_14,d175_17,1
d175_15,d175_16,7
d175_15,d175_21,1
d175_16,d175_11,7
d175_16,d175_20,1
d175_17,d175_18,2
d175_17,d175_19,2
d175_2,d175_3,7
d175_2,d175_7,1
d175_3,d175_4,7
d175_3,d175_9,1
d175_4,d175_5,7
d175_5,d175_6,7
d175_5,d175_8,1
d175_6,d175_1,7
d175_6,d175_24,1
d175_9,d175_10,1
d176_1,d176_17,1
d176_1,d176_2,7
d176_10,d176_11,1
d176_10,d176_12,1
d176_10,d176_13,1
d176_11,d176_16,1
d176_14,d176_11,2
d176_14,d176_15,1
d176_17,d176_18,2
d176_17,d176_19,2
d176_2,d176_3,7
d176_2,d176_7,1
d176_3,d176_10,1
d176_3,d176_4,7
d176_4,d176_14,1
d176_4,d176_5,7
d176_5,d176_6,7
d176_5,d176_8,1
d176_6,d176_1,7
d176_6,d176_9,1
d177_1,d177_2,7
d177_1,d177_7,1
d177_10,d177_11,1
d177_10,d177_22,1
d177_11,d177_12,7
d177_11,d177_14,7
d177_12,d177_13,1
d177_13,d177_21,1
d177_13,d177_4,1
d177_14,d177_15,7
d177_14,d177_18,1
d177_15,d177_16,7
d177_15,d177_19,1
d177_16,d177_17,7
d177_16,d177_20,1
d177_17,d177_12,7
d177_17,d177_23,1
d177_2,d177_3,7
d177_2,d177_8,1
d177_23,d177_27,2
d177_23,d177_28,2
d177_24,d177_25,2
d177_24,d177_26,2
d177_3,d177_10,1
d177_3,d177_4,7
d177_4,d177_5,7
d177_5,d177_24,1
d177_5,d177_6,7
d177_6,d177_1,7
d177_6,d177_9,1
d178_1,d178_2,7
d178_1,d178_7,1
d178_10,d178_11,1
d178_10,d178_14,1
d178_11,d178_15,1
d178_12,d178_11,2
d178_12,d178_13,1
d178_15,d178_16,1
d178_15,d178_17,1
d178_15,d178_18,1
d178_19,d178_20,2
d178_19,d178_21,2
d178_2,d178_19,1
d178_2,d178_3,7
d178_3,d178_10,1
d178_3,d178_4,7
d178_4,d178_12,1
d178_4,d178_5,7
d178_5,d178_6,7
d178_5,d178_8,1
d178_6,d178_1,7
d178_6,d178_9,1
d179_1,d179_2,7
d179_1,d179_7,1
d179_11,d179_12,2
d179_11,d179_13,1
d179_12,d179_14,1
d179_12,d179_15,1
d179_14,d179_16,1
d179_16,d179_17,7
d179_17,d179_18,7
d179_17,d179_22,1
d179_18,d179_19,7
d179_18,d179_23,1
d179_19,d179_20,7
d179_19,d179_29,1
d179_2,d179_26,1
d179_2,d179_3,7
d179_20,d179_21,7
d179_20,d179_24,1
d179_21,d179_16,7
d179_21,d179_25,1
d179_26,d179_27,2
d179_26,d179_28,2
d179_29,d179_30,2
d179_29,d179_31,2
d179_3,d179_4,7
d179_3,d179_8,1
d179_4,d179_5,7
d179_4,d179_9,1
d179_5,d179_11,1
d179_5,d179_6,7
d179_6,d179_1,7
d179_6,d179_10,1
d17_1,d17_2,7
d17_1,d17_7,1
d17_10,d17_12,2
d17_11,d17_10,2
d17_13,d17_15,1
d17_13,d17_16,1
d17_13,d17_5,1
d17_14,d17_17,1
d17_14,d17_18,1
d17_2,d17_3,7
d17_2,d17_8,1
d17_3,d17_14,1
d17_3,d17_4,7
d17_4,d17_10,1
d17_4,d17_5,7
d17_5,d17_6,7
d17_6,d17_1,7
d17_6,d17_9,1
d180_1,d180_2,7
d180_1,d180_29,1
d180_10,d180_32,1
d180_10,d180_6,7
d180_11,d180_12,7
d180_11,d180_15,7
d180_12,d180_13,7
d180_13,d180_14,7
d180_13,d180_33,1
d180_14,d180_34,1
d180_14,d180_8,7
d180_15,d180_16,7
d180_15,d180_19,7
d180_16,d180_17,7
d180_17,d180_18,7
d180_17,d180_35,1
d180_18,d180_12,7
d180_18,d180_36,1
d180_19,d180_20,7
d180_2,d180_3,7
d180_2,d180_30,1
d180_20,d180_21,7
d180_20,d180_37,1
d180_21,d180_22,7
d180_21,d180_38,1
d180_22,d180_16,7
d180_22,d180_23,1
d180_23,d180_25,2
d180_23,d180_26,2
d180_24,d180_27,2
d180_24,d180_28,2
d180_3,d180_24,1
d180_3,d180_4,7
d180_4,d180_19,1
d180_4,d180_5,7
d180_5,d180_6,7
d180_5,d180_7,7
d180_6,d180_1,7
d180_7,d180_11,7
d180_7,d180_8,7
d180_8,d180_9,7
d180_9,d180_10,7
d180_9,d180_31,1
d181_1,d181_2,7
d181_1,d181_7,1
d181_10,d181_15,1
d181_10,d181_16,1
d181_11,d181_17,1
d181_11,d181_18,1
d181_12,d181_13,2
d181_12,d181_14,2
d181_2,d181_11,1
d181_2,d181_3,7
d181_3,d181_4,7
d181_3,d181_8,1
d181_4,d181_12,1
d181_4,d181_5,7
d181_5,d181_10,1
d181_5,d181_6,7
d181_6,d181_1,7
d181_6,d181_9,1
d182_1,d182_2,7
d182_1,d182_7,1
d182_10,d182_11,7
d182_11,d182_12,7
d182_11,d182_16,1
d182_12,d182_13,7
d182_12,d182_14,1
d182_13,d182_15,1
d182_13,d182_4,7
d182_16,d182_17,1
d182_16,d182_18,1
d182_16,d182_19,1
d182_2,d182_20,1
d182_2,d182_3,7
d182_20,d182_21,2
d182_20,d182_22,2
d182_3,d182_10,7
d182_3,d182_4,7
d182_4,d182_5,7
d182_5,d182_6,7
d182_5,d182_8,1
d182_6,d182_1,7
d182_6,d182_9,1
d183_1,d183_2,7
d183_1,d183_7,1
d183_10,d183_11,7
d183_10,d183_14,1
d183_11,d183_12,7
d183_11,d183_20,7
d183_12,d183_15,7
d183_12,d183_4,7
d183_15,d183_16,7
d183_16,d183_17,7
d183_16,d183_18,1
d183_17,d183_19,1
d183_17,d183_5,7
d183_2,d183_3,7
d183_2,d183_8,1
d183_20,d183_21,7
d183_20,d183_23,1
d183_21,d183_22,7
d183_21,d183_24,1
d183_22,d183_15,7
d183_22,d183_25,1
d183_25,d183_29,2
d183_25,d183_30,2
d183_26,d183_27,2
d183_26,d183_28,2
d183_3,d183_4,7
d183_3,d183_9,7
d183_4,d183_5,7
d183_5,d183_6,7
d183_6,d183_1,7
d183_6,d183_26,1
d183_9,d183_10,7
d183_9,d183_13,1
d184_1,d184_2,7
d184_1,d184_7,1
d184_10,d184_11,7
d184_10,d184_25,1
d184_11,d184_12,7
d184_11,d184_14,1
d184_12,d184_13,7
d184_12,d184_15,1
d184_13,d184_4,7
d184_16,d184_17,7
d184_16,d184_5,1
d184_17,d184_13,1
d184_17,d184_18,7
d184_18,d184_19,7
d184_18,d184_22,1
d184_19,d184_20,7
d184_19,d184_23,1
d184_2,d184_3,7
d184_2,d184_8,1
d184_20,d184_21,7
d184_20,d184_24,1
d184_21,d184_16,7
d184_21,d184_26,1
d184_25,d184_29,2
d184_25,d184_30,2
d184_26,d184_27,2
d184_26,d184_28,2
d184_3,d184_10,7
d184_3,d184_4,7
d184_4,d184_5,7
d184_5,d184_6,7
d184_6,d184_1,7
d184_6,d184_9,1
d185_1,d185_2,7
d185_1,d185_7,1
d185_11,d185_15,2
d185_11,d185_16,2
d185_12,d185_13,2
d185_12,d185_14,2
d185_2,d185_12,1
d185_2,d185_3,7
d185_3,d185_11,1
d185_3,d185_4,7
d185_4,d185_5,7
d185_4,d185_8,1
d185_5,d185_10,1
d185_5,d185_6,7
d185_6,d185_1,7
d185_6,d185_9,1
d186_1,d186_2,7
d186_1,d186_7,1
d186_10,d186_11,1
d186_10,d186_17,1
d186_11,d186_15,1
d186_11,d186_16,1
d186_12,d186_11,1
d186_12,d186_13,1
d186_12,d186_14,1
d186_18,d186_19,2
d186_18,d186_20,2
d186_2,d186_3,7
d186_2,d186_8,1
d186_3,d186_10,1
d186_3,d186_4,7
d186_4,d186_12,1
d186_4,d186_5,7
d186_5,d186_6,7
d186_5,d186_9,1
d186_6,d186_1,7
d186_6,d186_18,1
d187_1,d187_2,1
d187_10,d187_13,1
d187_10,d187_5,7
d187_14,d187_15,7
d187_14,d187_18,1
d187_15,d187_16,7
d187_15,d187_19,1
d187_16,d187_17,7
d187_16,d187_20,1
d187_17,d187_21,1
d187_17,d187_3,7
d187_2,d187_14,7
d187_2,d187_3,7
d187_22,d187_23,7
d187_22,d187_26,1
d187_23,d187_24,7
d187_23,d187_27,1
d187_24,d187_25,7
d187_24,d187_28,1
d187_25,d187_1,7
d187_25,d187_29,1
d187_3,d187_4,1
d187_30,d187_31,2
d187_30,d187_32,2
d187_4,d187_5,7
d187_4,d187_7,7
d187_5,d187_6,1
d187_6,d187_1,7
d187_6,d187_22,7
d187_7,d187_11,1
d187_7,d187_8,7
d187_8,d187_12,1
d187_8,d187_9,7
d187_9,d187_10,7
d187_9,d187_30,1
d188_1,d188_2,7
d188_1,d188_7,1
d188_11,d188_12,7
d188_12,d188_13,7
d188_12,d188_17,1
d188_13,d188_14,7
d188_13,d188_18,1
d188_14,d188_15,7
d188_14,d188_22,1
d188_15,d188_16,7
d188_15,d188_19,1
d188_16,d188_11,7
d188_2,d188_3,7
d188_2,d188_8,1
d188_20,d188_11,1
d188_20,d188_21,1
d188_22,d188_23,2
d188_22,d188_24,2
d188_3,d188_20,1
d188_3,d188_4,7
d188_4,d188_16,1
d188_4,d188_5,7
d188_5,d188_6,7
d188_5,d188_9,1
d188_6,d188_1,7
d188_6,d188_10,1
d18_1,d18_18,1
d18_1,d18_2,7
d18_10,d18_11,7
d18_10,d18_15,1
d18_11,d18_12,7
d18_11,d18_24,1
d18_12,d18_7,7
d18_13,d18_14,2
d18_13,d18_7,1
d18_15,d18_17,2
d18_16,d18_15,2
d18_2,d18_19,1
d18_2,d18_3,7
d18_3,d18_13,1
d18_3,d18_4,7
d18_4,d18_12,1
d18_4,d18_5,7
d18_5,d18_20,1
d18_5,d18_6,7
d18_6,d18_1,7
d18_6,d18_21,1
d18_7,d18_8,7
d18_8,d18_22,1
d18_8,d18_9,7
d18_9,d18_10,7
d18_9,d18_23,1
d19_1,d19_2,7
d19_1,d19_7,1
d19_10,d19_11,7
d19_11,d19_12,7
d19_11,d19_14,1
d19_12,d19_13,7
d19_12,d19_15,1
d19_13,d19_16,1
d19_13,d19_4,7
d19_17,d19_6,1
d19_18,d19_17,2
d19_19,d19_17,2
d19_2,d19_3,7
d19_2,d19_8,1
d19_3,d19_10,7
d19_3,d19_4,7
d19_4,d19_5,7
d19_5,d19_6,7
d19_5,d19_9,1
d19_6,d19_1,7
d1_1,d1_2,7
d1_1,d1_7,1
d1_11,d1_12,7
d1_11,d1_17,7
d1_12,d1_13,7
d1_13,d1_14,7
d1_13,d1_15,1
d1_14,d1_16,1
d1_14,d1_5,7
d1_17,d1_18,7
d1_17,d1_21,1
d1_18,d1_19,7
d1_18,d1_22,1
d1_19,d1_20,7
d1_2,d1_3,7
d1_2,d1_8,1
d1_20,d1_12,7
d1_20,d1_23,1
d1_24,d1_19,1
d1_24,d1_25,2
d1_24,d1_26,2
d1_3,d1_4,7
d1_3,d1_9,1
d1_4,d1_11,7
d1_4,d1_5,7
d1_5,d1_6,7
d1_6,d1_1,7
d1_6,d1_10,1
d20_1,d20_14,1
d20_1,d20_2,7
d20_10,d20_11,7
d20_10,d20_21,1
d20_11,d20_12,7
d20_11,d20_22,1
d20_12,d20_7,7
d20_13,d20_23,1
d20_13,d20_24,1
d20_13,d20_7,1
d20_14,d20_15,2
d20_14,d20_16,2
d20_2,d20_17,1
d20_2,d20_3,7
d20_25,d20_26,3
d20_3,d20_13,1
d20_3,d20_4,7
d20_4,d20_12,1
d20_4,d20_5,7
d20_5,d20_18,1
d20_5,d20_6,7
d20_6,d20_1,7
d20_6,d20_19,1
d20_7,d20_8,7
d20_8,d20_20,1
d20_8,d20_9,7
d20_9,d20_10,7
d20_9,d20_25,1
d21_1,d21_2,7
d21_1,d21_7,1
d21_11,d21_12,7
d21_12,d21_13,7
d21_12,d21_17,1
d21_13,d21_14,7
d21_13,d21_18,1
d21_14,d21_15,7
d21_15,d21_16,7
d21_15,d21_19,1
d21_16,d21_11,7
d21_16,d21_20,1
d21_2,d21_3,7
d21_2,d21_8,1
d21_21,d21_14,1
d21_22,d21_26,2
d21_22,d21_6,1
d21_23,d21_21,2
d21_24,d21_21,2
d21_25,d21_22,2
d21_3,d21_4,7
d21_3,d21_9,1
d21_4,d21_11,1
d21_4,d21_5,7
d21_5,d21_10,1
d21_5,d21_6,7
d21_6,d21_1,7
d22_1,d22_15,1
d22_1,d22_2,7
d22_10,d22_11,7
d22_10,d22_22,1
d22_11,d22_12,7
d22_11,d22_23,1
d22_12,d22_7,7
d22_13,d22_24,1
d22_13,d22_25,1
d22_13,d22_7,1
d22_15,d22_16,2
d22_15,d22_17,2
d22_2,d22_18,1
d22_2,d22_3,7
d22_3,d22_13,1
d22_3,d22_4,7
d22_4,d22_12,1
d22_4,d22_5,7
d22_5,d22_19,1
d22_5,d22_6,7
d22_6,d22_1,7
d22_6,d22_20,1
d22_7,d22_8,7
d22_8,d22_21,1
d22_8,d22_9,7
d22_9,d22_10,7
d22_9,d22_14,1
d23_1,d23_2,7
d23_1,d23_21,1
d23_10,d23_26,1
d23_10,d23_5,7
d23_11,d23_12,7
d23_11,d23_27,1
d23_12,d23_13,7
d23_12,d23_15,7
d23_13,d23_14,7
d23_14,d23_8,7
d23_15,d23_16,7
d23_15,d23_28,1
d23_16,d23_17,7
d23_16,d23_29,1
d23_17,d23_18,7
d23_17,d23_30,1
d23_18,d23_13,7
d23_19,d23_14,7
d23_19,d23_20,7
d23_19,d23_31,1
d23_2,d23_22,1
d23_2,d23_3,7
d23_20,d23_18,7
d23_3,d23_23,1
d23_3,d23_4,7
d23_32,d23_20,1
d23_32,d23_34,2
d23_33,d23_32,2
d23_4,d23_5,7
d23_4,d23_7,7
d23_5,d23_6,7
d23_6,d23_1,7
d23_6,d23_24,1
d23_7,d23_11,7
d23_7,d23_8,7
d23_8,d23_9,7
d23_9,d23_10,7
d23_9,d23_25,1
d24_1,d24_2,7
d24_1,d24_7,1
d24_10,d24_11,7
d24_10,d24_14,1
d24_11,d24_12,7
d24_11,d24_15,7
d24_12,d24_4,7
d24_15,d24_16,7
d24_15,d24_19,1
d24_16,d24_17,7
d24_16,d24_20,1
d24_17,d24_18,7
d24_17,d24_21,7
d24_18,d24_12,7
d24_2,d24_3,7
d24_2,d24_8,1
d24_21,d24_22,7
d24_21,d24_25,1
d24_22,d24_23,7
d24_23,d24_24,7
d24_23,d24_26,7
d24_24,d24_18,7
d24_26,d24_27,7
d24_26,d24_30,1
d24_27,d24_28,7
d24_27,d24_31,1
d24_28,d24_29,7
d24_28,d24_32,7
d24_29,d24_24,7
d24_3,d24_4,7
d24_3,d24_9,7
d24_32,d24_33,7
d24_32,d24_34,1
d24_33,d24_35,1
d24_33,d24_6,7
d24_36,d24_22,1
d24_36,d24_37,2
d24_36,d24_38,2
d24_4,d24_5,7
d24_5,d24_29,7
d24_5,d24_6,7
d24_6,d24_1,7
d24_9,d24_10,7
d24_9,d24_13,1
d25_1,d25_15,1
d25_1,d25_2,7
d25_10,d25_11,7
d25_10,d25_22,1
d25_11,d25_12,7
d25_11,d25_23,1
d25_12,d25_7,7
d25_13,d25_25,1
d25_13,d25_26,1
d25_13,d25_7,1
d25_14,d25_24,1
d25_15,d25_16,2
d25_15,d25_17,2
d25_2,d25_18,1
d25_2,d25_3,7
d25_3,d25_13,1
d25_3,d25_4,7
d25_4,d25_12,1
d25_4,d25_5,7
d25_5,d25_19,1
d25_5,d25_6,7
d25_6,d25_1,7
d25_6,d25_20,1
d25_7,d25_8,7
d25_8,d25_21,1
d25_8,d25_9,7
d25_9,d25_10,7
d25_9,d25_14,1
d26_1,d26_2,7
d26_1,d26_7,1
d26_10,d26_5,1
d26_11,d26_14,2
d26_12,d26_16,2
d26_13,d26_11,2
d26_15,d26_12,2
d26_2,d26_12,1
d26_2,d26_3,7
d26_3,d26_4,7
d26_3,d26_8,1
d26_4,d26_11,1
d26_4,d26_5,7
d26_5,d26_6,7
d26_6,d26_1,7
d26_6,d26_9,1
d27_1,d27_2,7
d27_1,d27_7,1
d27_11,d27_12,7
d27_11,d27_15,1
d27_12,d27_13,7
d27_12,d27_16,7
d27_13,d27_14,7
d27_14,d27_4,7
d27_16,d27_17,7
d27_16,d27_20,1
d27_17,d27_18,7
d27_17,d27_21,1
d27_18,d27_19,7
d27_18,d27_27,7
d27_19,d27_13,7
d27_19,d27_22,7
d27_2,d27_3,7
d27_2,d27_8,1
d27_22,d27_23,7
d27_23,d27_24,7
d27_23,d27_25,1
d27_24,d27_14,7
d27_24,d27_26,1
d27_27,d27_28,7
d27_27,d27_30,1
d27_28,d27_29,7
d27_28,d27_31,1
d27_29,d27_22,7
d27_3,d27_11,7
d27_3,d27_4,7
d27_32,d27_29,1
d27_32,d27_33,2
d27_32,d27_34,2
d27_4,d27_5,7
d27_5,d27_6,7
d27_5,d27_9,1
d27_6,d27_1,7
d27_6,d27_10,1
d28_1,d28_14,1
d28_1,d28_2,7
d28_10,d28_11,7
d28_10,d28_22,1
d28_11,d28_12,7
d28_11,d28_23,1
d28_12,d28_7,7
d28_13,d28_24,1
d28_13,d28_25,1
d28_13,d28_7,1
d28_14,d28_15,2
d28_14,d28_16,2
d28_2,d28_18,1
d28_2,d28_3,7
d28_3,d28_13,1
d28_3,d28_4,7
d28_4,d28_12,1
d28_4,d28_5,7
d28_5,d28_19,1
d28_5,d28_6,7
d28_6,d28_1,7
d28_6,d28_20,1
d28_7,d28_8,7
d28_8,d28_21,1
d28_8,d28_9,7
d28_9,d28_10,7
d28_9,d28_17,1
d29_1,d29_14,1
d29_1,d29_2,7
d29_10,d29_11,7
d29_10,d29_28,1
d29_11,d29_12,7
d29_12,d29_7,7
d29_13,d29_23,1
d29_13,d29_29,1
d29_13,d29_7,1
d29_14,d29_15,2
d29_14,d29_16,2
d29_18,d29_17,2
d29_19,d29_17,2
d29_2,d29_24,1
d29_2,d29_3,7
d29_20,d29_11,1
d29_21,d29_20,2
d29_22,d29_20,2
d29_3,d29_13,1
d29_3,d29_4,7
d29_4,d29_12,1
d29_4,d29_5,7
d29_5,d29_25,1
d29_5,d29_6,7
d29_6,d29_1,7
d29_6,d29_26,1
d29_7,d29_8,7
d29_8,d29_27,1
d29_8,d29_9,7
d29_9,d29_10,7
d29_9,d29_17,1
d2_1,d2_2,7
d2_1,d2_7,1
d2_10,d2_11,7
d2_11,d2_12,7
d2_11,d2_14,1
d2_12,d2_13,7
d2_12,d2_15,1
d2_13,d2_16,1
d2_13,d2_4,7
d2_17,d2_18,2
d2_17,d2_19,2
d2_17,d2_2,1
d2_2,d2_3,7
d2_3,d2_10,7
d2_3,d2_4,7
d2_4,d2_5,7
d2_5,d2_6,7
d2_5,d2_8,1
d2_6,d2_1,7
d2_6,d2_9,1
d30_1,d30_2,7
d30_1,d30_21,1
d30_10,d30_4,7
d30_11,d30_12,7
d30_11,d30_25,1
d30_12,d30_13,7
d30_12,d30_15,7
d30_13,d30_14,7
d30_14,d30_26,1
d30_14,d30_8,7
d30_15,d30_16,7
d30_15,d30_27,1
d30_16,d30_17,7
d30_16,d30_28,1
d30_17,d30_18,7
d30_17,d30_29,1
d30_18,d30_13,7
d30_18,d30_30,1
d30_19,d30_20,7
d30_19,d30_5,7
d30_2,d30_22,1
d30_2,d30_3,7
d30_20,d30_10,7
d30_20,d30_31,1
d30_3,d30_4,7
d30_3,d30_7,7
d30_32,d30_19,1
d30_33,d30_32,2
d30_34,d30_32,2
d30_4,d30_5,7
d30_5,d30_6,7
d30_6,d30_1,7
d30_6,d30_23,1
d30_7,d30_11,7
d30_7,d30_8,7
d30_8,d30_9,7
d30_9,d30_10,7
d30_9,d30_24,1
d31_1,d31_2,7
d31_1,d31_7,1
d31_10,d31_11,7
d31_10,d31_14,1
d31_11,d31_12,7
d31_11,d31_25,1
d31_12,d31_13,7
d31_12,d31_24,1
d31_13,d31_4,7
d31_15,d31_16,7
d31_15,d31_5,1
d31_16,d31_13,1
d31_16,d31_17,7
d31_17,d31_18,7
d31_17,d31_30,1
d31_18,d31_19,7
d31_18,d31_21,1
d31_19,d31_20,7
d31_19,d31_22,1
d31_2,d31_3,7
d31_2,d31_8,1
d31_20,d31_15,7
d31_20,d31_23,1
d31_24,d31_27,2
d31_25,d31_28,2
d31_25,d31_29,2
d31_26,d31_24,2
d31_3,d31_10,7
d31_3,d31_4,7
d31_4,d31_5,7
d31_5,d31_6,7
d31_6,d31_1,7
d31_6,d31_9,1
d32_1,d32_2,7
d32_1,d32_22,1
d32_10,d32_11,7
d32_10,d32_4,1
d32_11,d32_12,7
d32_11,d32_16,1
d32_12,d32_13,7
d32_12,d32_17,1
d32_13,d32_14,7
d32_13,d32_20,1
d32_14,d32_15,7
d32_14,d32_18,1
d32_15,d32_10,7
d32_19,d32_15,1
d32_19,d32_24,2
d32_2,d32_3,7
d32_2,d32_7,1
d32_20,d32_26,2
d32_21,d32_30,2
d32_22,d32_28,2
d32_23,d32_19,2
d32_25,d32_20,2
d32_27,d32_22,2
d32_29,d32_21,2
d32_3,d32_4,7
d32_3,d32_8,1
d32_4,d32_5,7
d32_5,d32_6,7
d32_5,d32_9,1
d32_6,d32_1,7
d32_6,d32_21,1
d33_1,d33_2,7
d33_1,d33_22,1
d33_10,d33_11,7
d33_11,d33_12,7
d33_11,d33_16,1
d33_12,d33_13,7
d33_12,d33_25,1
d33_13,d33_14,7
d33_13,d33_17,1
d33_14,d33_15,7
d33_14,d33_18,1
d33_15,d33_10,7
d33_19,d33_10,1
d33_19,d33_20,1
d33_19,d33_21,1
d33_2,d33_3,7
d33_2,d33_7,1
d33_22,d33_24,2
d33_23,d33_22,2
d33_25,d33_26,1
d33_25,d33_31,1
d33_26,d33_27,1
d33_26,d33_32,2
d33_27,d33_28,1
d33_27,d33_29,1
d33_27,d33_30,1
d33_3,d33_19,1
d33_3,d33_4,7
d33_4,d33_15,1
d33_4,d33_5,7
d33_5,d33_6,7
d33_5,d33_8,1
d33_6,d33_1,7
d33_6,d33_9,1
d34_1,d34_2,7
d34_1,d34_7,1
d34_11,d34_12,7
d34_11,d34_15,1
d34_12,d34_13,7
d34_12,d34_16,1
d34_13,d34_14,7
d34_14,d34_17,1
d34_14,d34_4,7
d34_18,d34_13,1
d34_18,d34_20,2
d34_19,d34_18,2
d34_2,d34_3,7
d34_2,d34_8,1
d34_3,d34_11,7
d34_3,d34_4,7
d34_4,d34_5,7
d34_5,d34_6,7
d34_5,d34_9,1
d34_6,d34_1,7
d34_6,d34_10,1
d35_1,d35_2,7
d35_1,d35_22,1
d35_10,d35_11,7
d35_11,d35_12,7
d35_11,d35_16,1
d35_12,d35_13,7
d35_12,d35_23,1
d35_13,d35_14,7
d35_13,d35_17,1
d35_14,d35_15,7
d35_14,d35_18,1
d35_15,d35_10,7
d35_19,d35_10,1
d35_19,d35_20,1
d35_19,d35_21,1
d35_2,d35_3,7
d35_2,d35_7,1
d35_22,d35_25,2
d35_23,d35_26,1
d35_23,d35_27,1
d35_24,d35_22,2
d35_3,d35_19,1
d35_3,d35_4,7
d35_4,d35_15,1
d35_4,d35_5,7
d35_5,d35_6,7
d35_5,d35_8,1
d35_6,d35_1,7
d35_6,d35_9,1
d36_1,d36_2,7
d36_1,d36_7,1
d36_11,d36_12,7
d36_11,d36_15,1
d36_12,d36_13,7
d36_12,d36_17,1
d36_13,d36_14,7
d36_13,d36_21,1
d36_14,d36_16,1
d36_14,d36_4,7
d36_17,d36_18,1
d36_17,d36_19,1
d36_17,d36_20,1
d36_2,d36_3,7
d36_2,d36_8,1
d36_21,d36_23,2
d36_22,d36_21,2
d36_3,d36_11,7
d36_3,d36_4,7
d36_4,d36_5,7
d36_5,d36_6,7
d36_5,d36_9,1
d36_6,d36_1,7
d36_6,d36_10,1
d37_1,d37_2,7
d37_1,d37_28,1
d37_11,d37_12,1
d37_11,d37_13,1
d37_11,d37_14,1
d37_12,d37_15,1
d37_12,d37_16,1
d37_12,d37_17,1
d37_15,d37_18,7
d37_18,d37_19,7
d37_18,d37_23,1
d37_19,d37_20,7
d37_19,d37_24,1
d37_2,d37_3,7
d37_2,d37_7,1
d37_20,d37_21,7
d37_20,d37_25,1
d37_21,d37_22,7
d37_21,d37_26,1
d37_22,d37_15,7
d37_22,d37_27,1
d37_28,d37_30,2
d37_29,d37_28,2
d37_3,d37_4,7
d37_3,d37_8,1
d37_4,d37_11,1
d37_4,d37_5,7
d37_5,d37_6,7
d37_5,d37_9,1
d37_6,d37_1,7
d37_6,d37_10,1
d38_1,d38_2,7
d38_1,d38_7,1
d38_12,d38_13,7
d38_12,d38_4,1
d38_13,d38_14,7
d38_13,d38_18,1
d38_14,d38_15,7
d38_14,d38_19,1
d38_15,d38_16,7
d38_16,d38_17,7
d38_16,d38_20,1
d38_17,d38_12,7
d38_17,d38_21,1
d38_2,d38_3,7
d38_2,d38_8,1
d38_22,d38_15,1
d38_22,d38_24,2
d38_23,d38_22,2
d38_3,d38_4,7
d38_3,d38_9,1
d38_4,d38_5,7
d38_5,d38_10,1
d38_5,d38_6,7
d38_6,d38_1,7
d38_6,d38_11,1
d39_1,d39_2,7
d39_1,d39_7,1
d39_10,d39_11,7
d39_10,d39_13,1
d39_11,d39_12,7
d39_11,d39_14,1
d39_12,d39_15,1
d39_12,d39_4,7
d39_16,d39_17,2
d39_16,d39_18,2
d39_19,d39_20,1
d39_2,d39_16,1
d39_2,d39_3,7
d39_20,d39_21,1
d39_20,d39_22,1
d39_20,d39_23,1
d39_3,d39_4,7
d39_3,d39_9,7
d39_4,d39_5,7
d39_5,d39_6,7
d39_5,d39_8,1
d39_6,d39_1,7
d39_6,d39_19,1
d39_9,d39_10,7
d3_1,d3_2,7
d3_1,d3_7,1
d3_10,d3_11,7
d3_11,d3_12,7
d3_11,d3_14,1
d3_12,d3_13,7
d3_12,d3_15,1
d3_13,d3_16,1
d3_13,d3_4,7
d3_17,d3_18,2
d3_17,d3_19,2
d3_17,d3_5,1
d3_2,d3_3,7
d3_2,d3_8,1
d3_3,d3_10,7
d3_3,d3_4,7
d3_4,d3_5,7
d3_5,d3_6,7
d3_6,d3_1,7
d3_6,d3_9,1
d40_1,d40_2,7
d40_1,d40_7,1
d40_11,d40_12,7
d40_11,d40_15,1
d40_12,d40_13,7
d40_12,d40_16,1
d40_13,d40_14,7
d40_13,d40_17,1
d40_14,d40_4,7
d40_18,d40_14,1
d40_18,d40_20,2
d40_19,d40_18,2
d40_2,d40_3,7
d40_2,d40_8,1
d40_3,d40_11,7
d40_3,d40_4,7
d40_4,d40_5,7
d40_5,d40_6,7
d40_5,d40_9,1
d40_6,d40_1,7
d40_6,d40_10,1
d41_1,d41_2,7
d41_1,d41_23,1
d41_10,d41_11,7
d41_10,d41_19,1
d41_11,d41_12,7
d41_11,d41_16,1
d41_12,d41_13,7
d41_12,d41_22,1
d41_13,d41_14,7
d41_13,d41_17,1
d41_14,d41_15,7
d41_14,d41_18,1
d41_15,d41_10,7
d41_19,d41_20,1
d41_19,d41_21,1
d41_2,d41_3,7
d41_2,d41_7,1
d41_23,d41_25,2
d41_24,d41_23,2
d41_3,d41_19,1
d41_3,d41_4,7
d41_4,d41_15,1
d41_4,d41_5,7
d41_5,d41_6,7
d41_5,d41_8,1
d41_6,d41_1,7
d41_6,d41_9,1
d42_1,d42_14,1
d42_1,d42_2,7
d42_10,d42_18,1
d42_10,d42_19,1
d42_10,d42_20,1
d42_11,d42_13,2
d42_12,d42_11,2
d42_2,d42_15,1
d42_2,d42_3,7
d42_3,d42_4,7
d42_3,d42_7,7
d42_4,d42_5,7
d42_4,d42_9,7
d42_5,d42_16,1
d42_5,d42_6,7
d42_6,d42_1,7
d42_6,d42_11,1
d42_7,d42_21,1
d42_7,d42_8,7
d42_8,d42_10,1
d42_9,d42_17,1
d42_9,d42_8,7
d43_1,d43_2,7
d43_1,d43_7,1
d43_10,d43_11,7
d43_10,d43_14,1
d43_11,d43_12,7
d43_11,d43_25,1
d43_12,d43_13,7
d43_12,d43_15,1
d43_13,d43_4,7
d43_16,d43_17,7
d43_16,d43_5,1
d43_17,d43_13,1
d43_17,d43_18,7
d43_18,d43_19,7
d43_18,d43_28,1
d43_19,d43_20,7
d43_19,d43_22,1
d43_2,d43_3,7
d43_2,d43_8,1
d43_20,d43_21,7
d43_20,d43_23,1
d43_21,d43_16,7
d43_21,d43_24,1
d43_25,d43_27,2
d43_26,d43_25,2
d43_3,d43_10,7
d43_3,d43_4,7
d43_4,d43_5,7
d43_5,d43_6,7
d43_6,d43_1,7
d43_6,d43_9,1
d44_1,d44_18,1
d44_1,d44_2,7
d44_10,d44_27,1
d44_10,d44_28,1
d44_10,d44_5,1
d44_11,d44_12,7
d44_11,d44_22,1
d44_12,d44_13,7
d44_12,d44_23,1
d44_13,d44_14,7
d44_13,d44_15,1
d44_14,d44_24,1
d44_14,d44_8,7
d44_15,d44_17,2
d44_16,d44_15,2
d44_2,d44_19,1
d44_2,d44_3,7
d44_3,d44_20,1
d44_3,d44_4,7
d44_4,d44_5,7
d44_4,d44_7,1
d44_5,d44_6,7
d44_6,d44_1,7
d44_6,d44_21,1
d44_7,d44_11,7
d44_7,d44_8,7
d44_8,d44_9,1
d44_9,d44_10,1
d44_9,d44_25,1
d44_9,d44_26,1
d45_1,d45_2,7
d45_1,d45_7,1
d45_11,d45_14,2
d45_11,d45_5,1
d45_12,d45_15,2
d45_12,d45_16,2
d45_13,d45_11,2
d45_2,d45_12,1
d45_2,d45_3,7
d45_3,d45_4,7
d45_3,d45_8,1
d45_4,d45_5,7
d45_4,d45_9,1
d45_5,d45_6,7
d45_6,d45_1,7
d45_6,d45_10,1
d46_1,d46_2,1
d46_1,d46_33,1
d46_1,d46_34,1
d46_10,d46_4,7
d46_11,d46_12,7
d46_11,d46_25,1
d46_12,d46_13,7
d46_12,d46_26,1
d46_13,d46_14,7
d46_13,d46_18,7
d46_14,d46_15,7
d46_14,d46_9,7
d46_15,d46_16,7
d46_16,d46_17,7
d46_16,d46_27,1
d46_17,d46_10,7
d46_17,d46_28,1
d46_18,d46_19,7
d46_18,d46_29,1
d46_19,d46_20,7
d46_19,d46_30,1
d46_2,d46_3,1
d46_2,d46_37,1
d46_2,d46_38,1
d46_20,d46_15,7
d46_21,d46_20,1
d46_21,d46_22,2
d46_23,d46_21,2
d46_3,d46_4,7
d46_3,d46_7,7
d46_4,d46_5,1
d46_5,d46_31,1
d46_5,d46_32,1
d46_5,d46_6,1
d46_6,d46_1,1
d46_6,d46_35,1
d46_6,d46_36,1
d46_7,d46_24,1
d46_7,d46_8,7
d46_8,d46_11,7
d46_8,d46_9,7
d46_9,d46_10,7
d47_1,d47_18,1
d47_1,d47_2,7
d47_10,d47_11,7
d47_10,d47_4,1
d47_11,d47_12,1
d47_12,d47_13,1
d47_12,d47_31,1
d47_12,d47_32,1
d47_13,d47_33,1
d47_13,d47_34,1
d47_13,d47_5,1
d47_14,d47_15,7
d47_14,d47_29,1
d47_15,d47_16,7
d47_15,d47_17,1
d47_16,d47_11,7
d47_16,d47_30,1
d47_17,d47_20,2
d47_18,d47_22,2
d47_19,d47_17,2
d47_2,d47_23,1
d47_2,d47_3,7
d47_21,d47_18,2
d47_3,d47_4,7
d47_3,d47_7,1
d47_4,d47_5,7
d47_5,d47_6,7
d47_6,d47_1,7
d47_6,d47_24,1
d47_7,d47_25,1
d47_7,d47_26,1
d47_7,d47_8,1
d47_8,d47_27,1
d47_8,d47_28,1
d47_8,d47_9,1
d47_9,d47_10,7
d47_9,d47_14,7
d48_1,d48_2,7
d48_1,d48_7,1
d48_11,d48_12,7
d48_11,d48_15,1
d48_12,d48_13,7
d48_12,d48_17,7
d48_13,d48_14,7
d48_14,d48_16,1
d48_14,d48_4,7
d48_17,d48_18,7
d48_17,d48_21,1
d48_18,d48_19,7
d48_18,d48_22,1
d48_19,d48_20,7
d48_19,d48_24,1
d48_2,d48_3,7
d48_2,d48_8,1
d48_20,d48_13,7
d48_20,d48_23,1
d48_24,d48_26,2
d48_25,d48_24,2
d48_3,d48_11,7
d48_3,d48_4,7
d48_4,d48_5,7
d48_5,d48_6,7
d48_5,d48_9,1
d48_6,d48_1,7
d48_6,d48_10,1
d49_1,d49_2,7
d49_1,d49_7,1
d49_10,d49_11,7
d49_11,d49_12,7
d49_11,d49_16,1
d49_12,d49_13,7
d49_12,d49_17,1
d49_13,d49_14,7
d49_14,d49_15,7
d49_14,d49_18,1
d49_15,d49_10,7
d49_15,d49_20,1
d49_19,d49_10,1
d49_19,d49_21,1
d49_2,d49_3,7
d49_2,d49_8,1
d49_20,d49_22,1
d49_20,d49_4,1
d49_23,d49_13,1
d49_23,d49_26,2
d49_24,d49_28,2
d49_24,d49_6,1
d49_25,d49_23,2
d49_27,d49_24,2
d49_3,d49_19,1
d49_3,d49_4,7
d49_4,d49_5,7
d49_5,d49_6,7
d49_5,d49_9,1
d49_6,d49_1,7
d4_1,d4_2,7
d4_1,d4_20,1
d4_10,d4_4,7
d4_11,d4_12,7
d4_11,d4_25,1
d4_12,d4_13,7
d4_12,d4_5,1
d4_13,d4_10,1
d4_13,d4_14,7
d4_14,d4_15,7
d4_14,d4_26,1
d4_15,d4_16,7
d4_15,d4_27,1
d4_16,d4_11,7
d4_16,d4_28,1
d4_17,d4_18,2
d4_17,d4_19,2
d4_17,d4_9,1
d4_2,d4_21,1
d4_2,d4_3,7
d4_3,d4_4,7
d4_3,d4_7,7
d4_4,d4_5,7
d4_5,d4_6,7
d4_6,d4_1,7
d4_6,d4_22,1
d4_7,d4_23,1
d4_7,d4_8,7
d4_8,d4_24,1
d4_8,d4_9,7
d4_9,d4_10,7
d50_1,d50_2,7
d50_1,d50_7,1
d50_10,d50_11,7
d50_10,d50_14,1
d50_11,d50_12,7
d50_11,d50_15,1
d50_12,d50_13,7
d50_12,d50_17,1
d50_13,d50_16,1
d50_13,d50_4,7
d50_17,d50_20,2
d50_18,d50_21,2
d50_18,d50_22,2
d50_19,d50_17,2
d50_2,d50_18,1
d50_2,d50_3,7
d50_3,d50_10,7
d50_3,d50_4,7
d50_4,d50_5,7
d50_5,d50_6,7
d50_5,d50_8,1
d50_6,d50_1,7
d50_6,d50_9,1
d51_1,d51_2,7
d51_1,d51_27,1
d51_10,d51_11,7
d51_10,d51_4,7
d51_11,d51_12,7
d51_12,d51_13,7
d51_12,d51_17,1
d51_13,d51_5,7
d51_14,d51_15,7
d51_14,d51_31,1
d51_15,d51_16,7
d51_15,d51_32,1
d51_16,d51_11,7
d51_17,d51_18,1
d51_17,d51_33,1
d51_17,d51_34,1
d51_18,d51_19,1
d51_18,d51_35,1
d51_18,d51_36,1
d51_19,d51_20,1
d51_19,d51_37,1
d51_19,d51_38,1
d51_2,d51_22,1
d51_2,d51_3,7
d51_20,d51_13,1
d51_20,d51_39,1
d51_20,d51_40,1
d51_21,d51_16,1
d51_21,d51_24,2
d51_22,d51_25,2
d51_22,d51_26,2
d51_23,d51_21,2
d51_3,d51_4,7
d51_3,d51_7,7
d51_4,d51_5,7
d51_5,d51_6,7
d51_6,d51_1,7
d51_6,d51_28,1
d51_7,d51_29,1
d51_7,d51_8,7
d51_8,d51_30,1
d51_8,d51_9,7
d51_9,d51_10,7
d51_9,d51_14,7
d52_1,d52_2,7
d52_1,d52_27,1
d52_10,d52_11,7
d52_10,d52_4,7
d52_11,d52_12,7
d52_12,d52_13,7
d52_12,d52_17,1
d52_13,d52_5,7
d52_14,d52_15,7
d52_14,d52_24,1
d52_15,d52_16,7
d52_15,d52_32,1
d52_16,d52_11,7
d52_17,d52_18,1
d52_17,d52_33,1
d52_17,d52_34,1
d52_18,d52_19,1
d52_18,d52_35,1
d52_18,d52_36,1
d52_19,d52_20,1
d52_19,d52_37,1
d52_19,d52_38,1
d52_2,d52_28,1
d52_2,d52_3,7
d52_20,d52_13,1
d52_20,d52_39,1
d52_20,d52_40,1
d52_21,d52_16,1
d52_21,d52_23,2
d52_22,d52_21,2
d52_24,d52_26,2
d52_25,d52_24,2
d52_3,d52_4,7
d52_3,d52_7,7
d52_4,d52_5,7
d52_5,d52_6,7
d52_6,d52_1,7
d52_6,d52_29,1
d52_7,d52_30,1
d52_7,d52_8,7
d52_8,d52_31,1
d52_8,d52_9,7
d52_9,d52_10,7
d52_9,d52_14,7
d53_1,d53_2,7
d53_1,d53_23,1
d53_10,d53_11,7
d53_11,d53_12,7
d53_11,d53_16,1
d53_12,d53_13,7
d53_12,d53_22,1
d53_13,d53_14,7
d53_13,d53_17,1
d53_14,d53_15,7
d53_14,d53_18,1
d53_15,d53_10,7
d53_19,d53_10,1
d53_19,d53_20,1
d53_19,d53_21,1
d53_2,d53_3,7
d53_2,d53_7,1
d53_22,d53_24,2
d53_22,d53_25,2
d53_23,d53_26,2
d53_23,d53_27,2
d53_3,d53_19,1
d53_3,d53_4,7
d53_4,d53_15,1
d53_4,d53_5,7
d53_5,d53_6,7
d53_5,d53_8,1
d53_6,d53_1,7
d53_6,d53_9,1
d54_1,d54_2,7
d54_1,d54_20,1
d54_10,d54_11,7
d54_11,d54_12,7
d54_11,d54_16,1
d54_12,d54_13,7
d54_12,d54_24,1
d54_13,d54_14,7
d54_13,d54_23,1
d54_14,d54_15,7
d54_14,d54_17,1
d54_15,d54_10,7
d54_15,d54_19,1
d54_18,d54_10,1
d54_19,d54_4,1
d54_2,d54_3,7
d54_2,d54_7,1
d54_20,d54_22,2
d54_21,d54_20,2
d54_3,d54_18,1
d54_3,d54_4,7
d54_4,d54_5,7
d54_5,d54_6,7
d54_5,d54_8,1
d54_6,d54_1,7
d54_6,d54_9,1
d55_1,d55_2,7
d55_1,d55_7,1
d55_11,d55_12,7
d55_11,d55_15,1
d55_12,d55_13,7
d55_12,d55_16,1
d55_13,d55_14,7
d55_13,d55_21,1
d55_14,d55_4,7
d55_17,d55_14,1
d55_17,d55_18,1
d55_17,d55_19,1
d55_17,d55_20,1
d55_2,d55_3,7
d55_2,d55_8,1
d55_21,d55_23,2
d55_22,d55_21,2
d55_3,d55_11,7
d55_3,d55_4,7
d55_4,d55_5,7
d55_5,d55_6,7
d55_5,d55_9,1
d55_6,d55_1,7
d55_6,d55_10,1
d56_1,d56_2,7
d56_1,d56_7,1
d56_11,d56_12,7
d56_12,d56_13,7
d56_12,d56_17,1
d56_13,d56_14,7
d56_13,d56_18,1
d56_14,d56_15,7
d56_14,d56_24,1
d56_15,d56_16,7
d56_15,d56_19,1
d56_16,d56_11,7
d56_16,d56_21,1
d56_2,d56_3,7
d56_2,d56_8,1
d56_20,d56_11,1
d56_20,d56_22,1
d56_21,d56_23,1
d56_21,d56_4,1
d56_24,d56_26,2
d56_25,d56_24,2
d56_3,d56_20,1
d56_3,d56_4,7
d56_4,d56_5,7
d56_5,d56_6,7
d56_5,d56_9,1
d56_6,d56_1,7
d56_6,d56_10,1
d57_1,d57_2,7
d57_1,d57_22,1
d57_11,d57_12,7
d57_11,d57_4,1
d57_12,d57_13,7
d57_12,d57_17,1
d57_13,d57_14,7
d57_13,d57_18,1
d57_14,d57_15,7
d57_14,d57_21,1
d57_15,d57_16,7
d57_15,d57_19,1
d57_16,d57_11,7
d57_2,d57_3,7
d57_2,d57_7,1
d57_20,d57_16,1
d57_20,d57_24,2
d57_21,d57_26,2
d57_22,d57_28,2
d57_23,d57_20,2
d57_25,d57_21,2
d57_27,d57_22,2
d57_3,d57_4,7
d57_3,d57_8,1
d57_4,d57_5,7
d57_5,d57_6,7
d57_5,d57_9,1
d57_6,d57_1,7
d57_6,d57_10,1
d58_1,d58_2,7
d58_1,d58_20,1
d58_10,d58_11,7
d58_10,d58_4,7
d58_11,d58_12,1
d58_12,d58_13,1
d58_12,d58_27,4
d58_12,d58_31,1
d58_13,d58_28,5
d58_13,d58_32,1
d58_13,d58_5,1
d58_14,d58_15,7
d58_14,d58_17,1
d58_15,d58_16,7
d58_15,d58_25,1
d58_16,d58_11,7
d58_16,d58_26,1
d58_17,d58_18,2
d58_17,d58_19,2
d58_2,d58_21,1
d58_2,d58_3,7
d58_27,d58_29,1
d58_28,d58_30,1
d58_3,d58_4,7
d58_3,d58_7,7
d58_4,d58_5,7
d58_5,d58_6,7
d58_6,d58_1,7
d58_6,d58_22,1
d58_7,d58_23,1
d58_7,d58_8,7
d58_8,d58_24,1
d58_8,d58_9,7
d58_9,d58_10,7
d58_9,d58_14,7
d59_1,d59_2,7
d59_1,d59_21,1
d59_10,d59_3,7
d59_11,d59_12,7
d59_11,d59_27,1
d59_12,d59_13,7
d59_12,d59_15,7
d59_13,d59_14,7
d59_14,d59_10,7
d59_15,d59_16,7
d59_15,d59_28,1
d59_16,d59_17,7
d59_16,d59_29,1
d59_17,d59_18,7
d59_17,d59_30,1
d59_18,d59_13,7
d59_19,d59_14,7
d59_19,d59_20,7
d59_19,d59_31,1
d59_2,d59_3,7
d59_2,d59_7,7
d59_20,d59_18,7
d59_3,d59_4,7
d59_32,d59_20,1
d59_32,d59_34,2
d59_33,d59_32,2
d59_4,d59_22,1
d59_4,d59_5,7
d59_5,d59_23,1
d59_5,d59_6,7
d59_6,d59_1,7
d59_6,d59_24,1
d59_7,d59_25,1
d59_7,d59_8,7
d59_8,d59_26,1
d59_8,d59_9,7
d59_9,d59_10,7
d59_9,d59_11,7
d5_1,d5_2,7
d5_10,d5_13,2
d5_10,d5_14,2
d5_10,d5_5,1
d5_11,d5_4,1
d5_12,d5_1,1
d5_2,d5_3,7
d5_2,d5_7,1
d5_3,d5_4,7
d5_3,d5_8,1
d5_4,d5_5,7
d5_5,d5_6,7
d5_6,d5_1,7
d5_6,d5_9,1
d60_1,d60_2,7
d60_1,d60_7,1
d60_10,d60_11,7
d60_10,d60_14,1
d60_11,d60_12,7
d60_11,d60_17,1
d60_12,d60_13,7
d60_12,d60_15,1
d60_13,d60_4,7
d60_16,d60_13,1
d60_16,d60_22,2
d60_17,d60_24,2
d60_18,d60_20,2
d60_18,d60_5,1
d60_19,d60_18,2
d60_2,d60_3,7
d60_2,d60_8,1
d60_21,d60_16,2
d60_23,d60_17,2
d60_3,d60_10,7
d60_3,d60_4,7
d60_4,d60_5,7
d60_5,d60_6,7
d60_6,d60_1,7
d60_6,d60_9,1
d61_1,d61_2,7
d61_1,d61_23,1
d61_10,d61_11,7
d61_11,d61_12,7
d61_11,d61_16,1
d61_12,d61_13,7
d61_12,d61_22,1
d61_13,d61_14,7
d61_13,d61_17,1
d61_14,d61_15,7
d61_14,d61_18,1
d61_15,d61_10,7
d61_19,d61_10,1
d61_19,d61_20,1
d61_19,d61_21,1
d61_2,d61_3,7
d61_2,d61_7,1
d61_23,d61_25,2
d61_24,d61_23,2
d61_3,d61_19,1
d61_3,d61_4,7
d61_4,d61_15,1
d61_4,d61_5,7
d61_5,d61_6,7
d61_5,d61_8,1
d61_6,d61_1,7
d61_6,d61_9,1
d62_1,d62_13,1
d62_1,d62_2,7
d62_10,d62_11,1
d62_10,d62_5,1
d62_12,d62_16,1
d62_12,d62_17,1
d62_13,d62_15,2
d62_14,d62_13,2
d62_2,d62_3,7
d62_2,d62_7,1
d62_3,d62_4,7
d62_3,d62_8,1
d62_4,d62_12,1
d62_4,d62_5,7
d62_5,d62_6,7
d62_6,d62_1,7
d62_6,d62_9,1
d63_1,d63_2,7
d63_1,d63_6,1
d63_10,d63_11,1
d63_11,d63_12,1
d63_11,d63_27,1
d63_12,d63_13,1
d63_12,d63_14,2
d63_13,d63_15,2
d63_13,d63_28,1
d63_15,d63_16,1
d63_15,d63_32,1
d63_16,d63_17,7
d63_17,d63_18,7
d63_17,d63_29,1
d63_18,d63_19,7
d63_18,d63_30,1
d63_19,d63_20,7
d63_19,d63_21,1
d63_2,d63_24,1
d63_2,d63_3,7
d63_20,d63_16,7
d63_20,d63_31,1
d63_21,d63_22,2
d63_21,d63_23,2
d63_3,d63_25,1
d63_3,d63_4,7
d63_4,d63_5,7
d63_4,d63_9,1
d63_5,d63_1,7
d63_6,d63_7,2
d63_6,d63_8,2
d63_9,d63_10,2
d63_9,d63_26,1
d64_1,d64_2,7
d64_1,d64_21,1
d64_10,d64_11,7
d64_11,d64_12,7
d64_11,d64_16,1
d64_12,d64_13,7
d64_12,d64_20,1
d64_13,d64_14,7
d64_13,d64_17,1
d64_14,d64_15,7
d64_14,d64_18,1
d64_15,d64_10,7
d64_19,d64_10,1
d64_19,d64_26,2
d64_2,d64_3,7
d64_2,d64_7,1
d64_20,d64_24,2
d64_20,d64_25,2
d64_21,d64_23,2
d64_22,d64_21,2
d64_3,d64_19,1
d64_3,d64_4,7
d64_4,d64_15,1
d64_4,d64_5,7
d64_5,d64_6,7
d64_5,d64_8,1
d64_6,d64_1,7
d64_6,d64_9,1
d65_1,d65_2,7
d65_1,d65_7,1
d65_11,d65_12,7
d65_11,d65_15,1
d65_12,d65_13,7
d65_12,d65_18,1
d65_13,d65_14,7
d65_13,d65_16,1
d65_14,d65_4,7
d65_17,d65_14,1
d65_17,d65_20,2
d65_18,d65_22,2
d65_19,d65_17,2
d65_2,d65_3,7
d65_2,d65_8,1
d65_21,d65_18,2
d65_3,d65_11,7
d65_3,d65_4,7
d65_4,d65_5,7
d65_5,d65_6,7
d65_5,d65_9,1
d65_6,d65_1,7
d65_6,d65_10,1
d66_1,d66_2,7
d66_1,d66_7,1
d66_11,d66_12,7
d66_12,d66_13,7
d66_12,d66_17,1
d66_13,d66_14,7
d66_13,d66_18,1
d66_14,d66_15,7
d66_14,d66_21,1
d66_15,d66_16,7
d66_15,d66_19,1
d66_16,d66_11,7
d66_16,d66_20,1
d66_2,d66_3,7
d66_2,d66_8,1
d66_21,d66_25,1
d66_21,d66_26,1
d66_22,d66_24,2
d66_23,d66_22,2
d66_3,d66_4,7
d66_3,d66_9,1
d66_4,d66_11,1
d66_4,d66_5,7
d66_5,d66_10,1
d66_5,d66_6,7
d66_6,d66_1,7
d66_6,d66_22,1
d67_1,d67_2,7
d67_1,d67_7,1
d67_10,d67_11,7
d67_10,d67_14,1
d67_11,d67_12,7
d67_11,d67_25,1
d67_12,d67_13,7
d67_12,d67_24,1
d67_13,d67_16,1
d67_13,d67_4,7
d67_15,d67_16,7
d67_15,d67_5,1
d67_16,d67_17,7
d67_17,d67_18,7
d67_17,d67_29,1
d67_18,d67_19,7
d67_18,d67_21,1
d67_19,d67_20,7
d67_19,d67_22,1
d67_2,d67_3,7
d67_2,d67_8,1
d67_20,d67_15,7
d67_20,d67_23,1
d67_24,d67_27,2
d67_25,d67_28,1
d67_26,d67_24,2
d67_3,d67_10,7
d67_3,d67_4,7
d67_4,d67_5,7
d67_5,d67_6,7
d67_6,d67_1,7
d67_6,d67_9,1
d68_1,d68_2,7
d68_1,d68_7,1
d68_11,d68_12,7
d68_11,d68_15,1
d68_12,d68_13,7
d68_12,d68_16,7
d68_13,d68_14,7
d68_14,d68_4,7
d68_16,d68_17,7
d68_16,d68_20,1
d68_17,d68_18,7
d68_17,d68_21,1
d68_18,d68_19,7
d68_18,d68_27,7
d68_19,d68_13,7
d68_19,d68_22,7
d68_2,d68_3,7
d68_2,d68_8,1
d68_22,d68_23,7
d68_23,d68_24,7
d68_23,d68_25,1
d68_24,d68_14,7
d68_24,d68_26,1
d68_27,d68_28,7
d68_27,d68_32,1
d68_28,d68_29,7
d68_28,d68_30,1
d68_29,d68_22,7
d68_29,d68_31,1
d68_3,d68_11,7
d68_3,d68_4,7
d68_32,d68_33,2
d68_32,d68_34,2
d68_4,d68_5,7
d68_5,d68_6,7
d68_5,d68_9,1
d68_6,d68_1,7
d68_6,d68_10,1
d69_1,d69_2,7
d69_1,d69_7,1
d69_10,d69_11,7
d69_11,d69_12,7
d69_11,d69_16,1
d69_12,d69_13,7
d69_12,d69_22,1
d69_13,d69_14,7
d69_13,d69_17,1
d69_14,d69_15,7
d69_14,d69_18,1
d69_15,d69_10,7
d69_19,d69_10,1
d69_19,d69_20,1
d69_19,d69_21,1
d69_2,d69_3,7
d69_2,d69_8,1
d69_22,d69_27,2
d69_23,d69_25,2
d69_24,d69_23,2
d69_26,d69_22,2
d69_3,d69_19,1
d69_3,d69_4,7
d69_4,d69_15,1
d69_4,d69_5,7
d69_5,d69_23,1
d69_5,d69_6,7
d69_6,d69_1,7
d69_6,d69_9,1
d6_1,d6_17,1
d6_1,d6_2,7
d6_10,d6_19,1
d6_10,d6_5,7
d6_11,d6_12,7
d6_11,d6_20,1
d6_12,d6_13,7
d6_12,d6_21,1
d6_13,d6_7,7
d6_14,d6_15,7
d6_14,d6_16,7
d6_14,d6_22,1
d6_15,d6_34,1
d6_15,d6_8,7
d6_16,d6_13,7
d6_2,d6_3,7
d6_23,d6_16,1
d6_23,d6_28,2
d6_24,d6_2,1
d6_24,d6_29,2
d6_24,d6_30,2
d6_25,d6_34,2
d6_26,d6_34,2
d6_27,d6_23,2
d6_3,d6_11,7
d6_3,d6_4,7
d6_31,d6_33,2
d6_32,d6_33,2
d6_4,d6_5,7
d6_4,d6_7,7
d6_5,d6_6,7
d6_6,d6_1,7
d6_6,d6_33,1
d6_7,d6_8,7
d6_8,d6_9,7
d6_9,d6_10,7
d6_9,d6_18,1
d70_1,d70_2,7
d70_1,d70_7,1
d70_10,d70_11,1
d70_10,d70_15,1
d70_11,d70_12,1
d70_11,d70_13,2
d70_12,d70_14,2
d70_12,d70_4,1
d70_16,d70_18,2
d70_17,d70_16,2
d70_2,d70_3,7
d70_2,d70_8,1
d70_3,d70_10,1
d70_3,d70_4,7
d70_4,d70_5,7
d70_5,d70_6,7
d70_5,d70_9,1
d70_6,d70_1,7
d70_6,d70_16,1
d71_1,d71_2,7
d71_1,d71_27,1
d71_10,d71_11,7
d71_10,d71_4,7
d71_11,d71_12,7
d71_12,d71_13,7
d71_12,d71_17,1
d71_13,d71_5,7
d71_14,d71_15,7
d71_14,d71_31,1
d71_15,d71_16,7
d71_15,d71_32,1
d71_16,d71_11,7
d71_17,d71_18,1
d71_17,d71_35,1
d71_17,d71_36,1
d71_18,d71_19,1
d71_18,d71_33,1
d71_18,d71_34,1
d71_19,d71_20,1
d71_19,d71_39,1
d71_19,d71_40,1
d71_2,d71_28,1
d71_2,d71_3,7
d71_20,d71_13,1
d71_20,d71_37,1
d71_20,d71_38,1
d71_21,d71_16,1
d71_21,d71_24,2
d71_22,d71_25,2
d71_23,d71_21,2
d71_26,d71_22,2
d71_3,d71_4,7
d71_3,d71_7,7
d71_4,d71_5,7
d71_5,d71_6,7
d71_6,d71_1,7
d71_6,d71_22,1
d71_7,d71_29,1
d71_7,d71_8,7
d71_8,d71_30,1
d71_8,d71_9,7
d71_9,d71_10,7
d71_9,d71_14,7
d72_1,d72_2,7
d72_1,d72_7,1
d72_11,d72_12,7
d72_12,d72_13,7
d72_12,d72_17,1
d72_13,d72_14,7
d72_13,d72_23,1
d72_14,d72_15,7
d72_14,d72_18,1
d72_15,d72_16,7
d72_15,d72_19,1
d72_16,d72_11,7
d72_2,d72_3,7
d72_2,d72_8,1
d72_20,d72_11,1
d72_20,d72_21,1
d72_20,d72_22,1
d72_23,d72_25,2
d72_24,d72_23,2
d72_3,d72_20,1
d72_3,d72_4,7
d72_4,d72_16,1
d72_4,d72_5,7
d72_5,d72_6,7
d72_5,d72_9,1
d72_6,d72_1,7
d72_6,d72_10,1
d73_1,d73_2,7
d73_1,d73_7,1
d73_11,d73_12,7
d73_12,d73_13,7
d73_12,d73_17,1
d73_13,d73_14,7
d73_13,d73_18,1
d73_14,d73_15,7
d73_14,d73_19,1
d73_15,d73_16,7
d73_16,d73_11,7
d73_16,d73_20,1
d73_2,d73_3,7
d73_2,d73_8,1
d73_21,d73_15,1
d73_21,d73_25,1
d73_21,d73_26,1
d73_22,d73_24,2
d73_22,d73_5,1
d73_23,d73_22,2
d73_3,d73_4,7
d73_3,d73_9,1
d73_4,d73_11,1
d73_4,d73_5,7
d73_5,d73_6,7
d73_6,d73_1,7
d73_6,d73_10,1
d74_1,d74_2,7
d74_1,d74_7,1
d74_10,d74_11,7
d74_10,d74_14,1
d74_11,d74_12,7
d74_11,d74_15,1
d74_12,d74_13,7
d74_12,d74_16,1
d74_13,d74_4,7
d74_17,d74_18,7
d74_17,d74_5,1
d74_18,d74_13,1
d74_18,d74_19,7
d74_19,d74_20,7
d74_19,d74_23,1
d74_2,d74_3,7
d74_2,d74_8,1
d74_20,d74_21,7
d74_20,d74_25,7
d74_21,d74_22,7
d74_22,d74_17,7
d74_22,d74_24,1
d74_25,d74_26,7
d74_25,d74_29,1
d74_26,d74_27,7
d74_26,d74_32,1
d74_27,d74_28,7
d74_27,d74_30,1
d74_28,d74_21,7
d74_28,d74_31,1
d74_3,d74_10,7
d74_3,d74_4,7
d74_32,d74_34,2
d74_33,d74_32,2
d74_4,d74_5,7
d74_5,d74_6,7
d74_6,d74_1,7
d74_6,d74_9,1
d75_1,d75_2,7
d75_1,d75_22,1
d75_11,d75_12,7
d75_12,d75_13,7
d75_12,d75_17,1
d75_13,d75_14,7
d75_13,d75_18,1
d75_14,d75_15,7
d75_15,d75_16,7
d75_15,d75_19,1
d75_16,d75_11,7
d75_16,d75_20,1
d75_2,d75_3,7
d75_2,d75_7,1
d75_21,d75_14,1
d75_21,d75_24,2
d75_22,d75_25,2
d75_22,d75_26,2
d75_23,d75_21,2
d75_3,d75_4,7
d75_3,d75_8,1
d75_4,d75_11,1
d75_4,d75_5,7
d75_5,d75_6,7
d75_5,d75_9,1
d75_6,d75_1,7
d75_6,d75_10,1
d76_1,d76_2,7
d76_1,d76_7,1
d76_11,d76_14,2
d76_11,d76_5,1
d76_13,d76_11,2
d76_2,d76_3,7
d76_2,d76_8,1
d76_3,d76_4,7
d76_3,d76_9,1
d76_4,d76_12,1
d76_4,d76_5,7
d76_5,d76_6,7
d76_6,d76_1,7
d76_6,d76_10,1
d77_1,d77_2,7
d77_1,d77_7,1
d77_11,d77_12,7
d77_12,d77_13,7
d77_12,d77_17,1
d77_13,d77_14,7
d77_13,d77_18,1
d77_14,d77_15,7
d77_14,d77_19,1
d77_15,d77_16,7
d77_15,d77_20,1
d77_16,d77_11,7
d77_16,d77_21,1
d77_2,d77_3,7
d77_2,d77_8,1
d77_21,d77_25,1
d77_21,d77_26,1
d77_22,d77_24,2
d77_23,d77_22,2
d77_3,d77_4,7
d77_3,d77_9,1
d77_4,d77_11,1
d77_4,d77_5,7
d77_5,d77_10,1
d77_5,d77_6,7
d77_6,d77_1,7
d77_6,d77_22,1
d78_1,d78_2,7
d78_1,d78_7,1
d78_11,d78_12,7
d78_12,d78_13,7
d78_12,d78_17,1
d78_13,d78_14,7
d78_13,d78_18,1
d78_14,d78_15,7
d78_14,d78_25,1
d78_15,d78_16,7
d78_15,d78_19,1
d78_16,d78_11,7
d78_16,d78_20,1
d78_2,d78_3,7
d78_2,d78_8,1
d78_21,d78_22,1
d78_21,d78_23,1
d78_21,d78_24,1
d78_21,d78_5,1
d78_25,d78_27,2
d78_26,d78_25,2
d78_3,d78_4,7
d78_3,d78_9,1
d78_4,d78_11,1
d78_4,d78_5,7
d78_5,d78_6,7
d78_6,d78_1,7
d78_6,d78_10,1
d79_1,d79_2,7
d79_1,d79_7,1
d79_11,d79_12,7
d79_12,d79_13,7
d79_12,d79_17,1
d79_13,d79_14,7
d79_13,d79_18,1
d79_14,d79_15,7
d79_15,d79_16,7
d79_15,d79_19,1
d79_16,d79_11,7
d79_16,d79_21,1
d79_2,d79_3,7
d79_2,d79_8,1
d79_20,d79_11,1
d79_21,d79_4,1
d79_22,d79_14,1
d79_22,d79_24,2
d79_23,d79_22,2
d79_3,d79_20,1
d79_3,d79_4,7
d79_4,d79_5,7
d79_5,d79_6,7
d79_5,d79_9,1
d79_6,d79_1,7
d79_6,d79_10,1
d7_1,d7_2,7
d7_1,d7_7,1
d7_12,d7_13,7
d7_13,d7_14,7
d7_13,d7_18,1
d7_14,d7_15,7
d7_14,d7_19,1
d7_15,d7_16,7
d7_16,d7_17,7
d7_17,d7_12,7
d7_17,d7_20,1
d7_2,d7_3,7
d7_2,d7_8,1
d7_21,d7_16,1
d7_21,d7_22,1
d7_21,d7_23,1
d7_21,d7_24,1
d7_25,d7_15,1
d7_25,d7_26,2
d7_25,d7_27,2
d7_3,d7_4,7
d7_3,d7_9,1
d7_4,d7_12,1
d7_4,d7_5,7
d7_5,d7_10,1
d7_5,d7_6,7
d7_6,d7_1,7
d7_6,d7_11,1
d80_1,d80_2,7
d80_1,d80_7,1
d80_10,d80_11,7
d80_10,d80_14,1
d80_11,d80_12,7
d80_11,d80_15,1
d80_12,d80_13,7
d80_12,d80_16,1
d80_13,d80_4,7
d80_17,d80_18,7
d80_17,d80_5,1
d80_18,d80_13,1
d80_18,d80_19,7
d80_19,d80_20,7
d80_19,d80_23,1
d80_2,d80_3,7
d80_2,d80_8,1
d80_20,d80_21,7
d80_20,d80_24,1
d80_21,d80_22,7
d80_21,d80_25,1
d80_22,d80_17,7
d80_22,d80_26,1
d80_26,d80_28,2
d80_27,d80_26,2
d80_3,d80_10,7
d80_3,d80_4,7
d80_4,d80_5,7
d80_5,d80_6,7
d80_6,d80_1,7
d80_6,d80_9,1
d81_1,d81_2,7
d81_1,d81_7,1
d81_11,d81_14,2
d81_11,d81_5,1
d81_12,d81_16,2
d81_13,d81_11,2
d81_15,d81_12,2
d81_2,d81_3,7
d81_2,d81_8,1
d81_3,d81_12,1
d81_3,d81_4,7
d81_4,d81_5,7
d81_4,d81_9,1
d81_5,d81_6,7
d81_6,d81_1,7
d81_6,d81_10,1
d82_1,d82_2,7
d82_1,d82_7,1
d82_10,d82_11,7
d82_10,d82_25,1
d82_11,d82_12,7
d82_11,d82_24,1
d82_12,d82_4,7
d82_14,d82_15,7
d82_14,d82_5,1
d82_15,d82_12,1
d82_15,d82_16,7
d82_16,d82_17,7
d82_16,d82_20,1
d82_17,d82_18,7
d82_17,d82_21,1
d82_18,d82_19,7
d82_18,d82_22,1
d82_19,d82_14,7
d82_19,d82_23,1
d82_2,d82_26,1
d82_2,d82_3,7
d82_24,d82_27,2
d82_24,d82_28,2
d82_25,d82_30,2
d82_26,d82_31,2
d82_26,d82_32,2
d82_29,d82_25,2
d82_3,d82_4,7
d82_3,d82_9,7
d82_4,d82_5,7
d82_5,d82_6,7
d82_6,d82_1,7
d82_6,d82_8,1
d82_9,d82_10,7
d82_9,d82_13,1
d83_1,d83_17,1
d83_1,d83_2,7
d83_10,d83_11,7
d83_10,d83_22,1
d83_11,d83_12,7
d83_11,d83_23,1
d83_12,d83_7,7
d83_13,d83_24,1
d83_13,d83_7,7
d83_14,d83_16,2
d83_15,d83_14,2
d83_2,d83_18,1
d83_2,d83_3,7
d83_3,d83_13,7
d83_3,d83_4,7
d83_4,d83_12,7
d83_4,d83_5,7
d83_5,d83_19,1
d83_5,d83_6,7
d83_6,d83_1,7
d83_6,d83_20,1
d83_7,d83_8,7
d83_8,d83_21,1
d83_8,d83_9,7
d83_9,d83_10,7
d83_9,d83_14,1
d84_1,d84_2,7
d84_1,d84_7,1
d84_11,d84_12,2
d84_11,d84_13,1
d84_11,d84_5,1
d84_12,d84_14,1
d84_12,d84_15,1
d84_16,d84_17,2
d84_16,d84_18,2
d84_2,d84_16,1
d84_2,d84_3,7
d84_3,d84_4,7
d84_3,d84_8,1
d84_4,d84_5,7
d84_4,d84_9,1
d84_5,d84_6,7
d84_6,d84_1,7
d84_6,d84_10,1
d85_1,d85_2,7
d85_1,d85_21,1
d85_10,d85_25,1
d85_10,d85_5,7
d85_11,d85_12,7
d85_11,d85_26,1
d85_12,d85_13,7
d85_12,d85_15,7
d85_13,d85_14,7
d85_14,d85_8,7
d85_15,d85_16,7
d85_15,d85_27,1
d85_16,d85_17,7
d85_16,d85_28,1
d85_17,d85_18,7
d85_17,d85_29,1
d85_18,d85_13,7
d85_18,d85_30,1
d85_19,d85_20,7
d85_19,d85_9,7
d85_2,d85_22,1
d85_2,d85_3,7
d85_20,d85_14,7
d85_20,d85_31,1
d85_3,d85_23,1
d85_3,d85_4,7
d85_32,d85_19,1
d85_32,d85_34,2
d85_33,d85_32,2
d85_4,d85_5,7
d85_4,d85_7,7
d85_5,d85_6,7
d85_6,d85_1,7
d85_6,d85_24,1
d85_7,d85_11,7
d85_7,d85_8,7
d85_8,d85_9,7
d85_9,d85_10,7
d86_1,d86_2,7
d86_1,d86_21,1
d86_10,d86_5,7
d86_11,d86_12,7
d86_11,d86_25,1
d86_12,d86_13,7
d86_12,d86_15,7
d86_13,d86_14,7
d86_14,d86_8,7
d86_15,d86_16,7
d86_15,d86_26,1
d86_16,d86_17,7
d86_16,d86_27,1
d86_17,d86_18,7
d86_17,d86_28,1
d86_18,d86_13,7
d86_18,d86_29,1
d86_19,d86_20,7
d86_19,d86_31,1
d86_19,d86_9,7
d86_2,d86_22,1
d86_2,d86_3,7
d86_20,d86_14,7
d86_20,d86_30,1
d86_3,d86_23,1
d86_3,d86_4,7
d86_32,d86_10,1
d86_32,d86_34,2
d86_33,d86_32,2
d86_4,d86_5,7
d86_4,d86_7,7
d86_5,d86_6,7
d86_6,d86_1,7
d86_6,d86_24,1
d86_7,d86_11,7
d86_7,d86_8,7
d86_8,d86_9,7
d86_9,d86_10,7
d87_1,d87_17,1
d87_1,d87_2,7
d87_10,d87_11,7
d87_10,d87_22,1
d87_11,d87_12,7
d87_11,d87_23,1
d87_12,d87_7,7
d87_13,d87_7,7
d87_14,d87_15,2
d87_14,d87_16,2
d87_2,d87_18,1
d87_2,d87_3,7
d87_3,d87_13,7
d87_3,d87_4,7
d87_4,d87_12,7
d87_4,d87_5,7
d87_5,d87_19,1
d87_5,d87_6,7
d87_6,d87_1,7
d87_6,d87_20,1
d87_7,d87_8,7
d87_8,d87_21,1
d87_8,d87_9,7
d87_9,d87_10,7
d87_9,d87_14,1
d88_1,d88_2,7
d88_1,d88_7,1
d88_11,d88_12,1
d88_11,d88_16,2
d88_11,d88_5,1
d88_12,d88_13,1
d88_12,d88_14,1
d88_12,d88_15,1
d88_17,d88_18,2
d88_17,d88_19,2
d88_2,d88_17,1
d88_2,d88_3,7
d88_3,d88_4,7
d88_3,d88_8,1
d88_4,d88_5,7
d88_4,d88_9,1
d88_5,d88_6,7
d88_6,d88_1,7
d88_6,d88_10,1
d89_1,d89_14,1
d89_1,d89_2,7
d89_10,d89_18,1
d89_10,d89_19,1
d89_10,d89_20,1
d89_11,d89_12,2
d89_11,d89_13,2
d89_2,d89_11,1
d89_2,d89_3,7
d89_3,d89_4,7
d89_3,d89_7,7
d89_4,d89_5,7
d89_4,d89_9,7
d89_5,d89_15,1
d89_5,d89_6,7
d89_6,d89_1,7
d89_6,d89_16,1
d89_7,d89_10,1
d89_7,d89_8,7
d89_9,d89_17,1
d89_9,d89_8,7
d8_1,d8_14,1
d8_1,d8_2,7
d8_10,d8_11,7
d8_10,d8_21,1
d8_11,d8_12,7
d8_11,d8_22,1
d8_12,d8_7,7
d8_13,d8_23,1
d8_13,d8_24,1
d8_13,d8_7,1
d8_14,d8_15,2
d8_14,d8_16,2
d8_2,d8_17,1
d8_2,d8_3,7
d8_25,d8_26,1
d8_26,d8_27,1
d8_26,d8_31,2
d8_27,d8_28,1
d8_27,d8_29,1
d8_27,d8_30,1
d8_3,d8_13,1
d8_3,d8_4,7
d8_4,d8_12,1
d8_4,d8_5,7
d8_5,d8_18,1
d8_5,d8_6,7
d8_6,d8_1,7
d8_6,d8_19,1
d8_7,d8_8,7
d8_8,d8_20,1
d8_8,d8_9,7
d8_9,d8_10,7
d8_9,d8_25,1
d90_1,d90_2,7
d90_1,d90_7,1
d90_10,d90_11,7
d90_10,d90_14,1
d90_11,d90_12,7
d90_11,d90_15,1
d90_12,d90_13,7
d90_12,d90_19,7
d90_13,d90_16,7
d90_13,d90_4,7
d90_16,d90_17,7
d90_17,d90_18,7
d90_17,d90_24,7
d90_18,d90_5,7
d90_19,d90_20,7
d90_19,d90_22,1
d90_2,d90_3,7
d90_2,d90_8,1
d90_20,d90_21,7
d90_20,d90_23,1
d90_21,d90_16,7
d90_24,d90_25,7
d90_24,d90_28,1
d90_25,d90_26,7
d90_25,d90_29,1
d90_26,d90_27,7
d90_26,d90_30,1
d90_27,d90_18,7
d90_27,d90_31,1
d90_3,d90_10,7
d90_3,d90_4,7
d90_32,d90_21,1
d90_32,d90_34,2
d90_33,d90_32,2
d90_4,d90_5,7
d90_5,d90_6,7
d90_6,d90_1,7
d90_6,d90_9,1
d91_1,d91_2,1
d91_1,d91_35,4
d91_1,d91_36,1
d91_10,d91_4,7
d91_11,d91_12,7
d91_11,d91_29,1
d91_12,d91_13,7
d91_12,d91_30,1
d91_13,d91_14,7
d91_13,d91_18,7
d91_14,d91_15,7
d91_14,d91_9,7
d91_15,d91_16,7
d91_16,d91_17,7
d91_16,d91_31,1
d91_17,d91_10,7
d91_17,d91_32,1
d91_18,d91_19,7
d91_18,d91_21,1
d91_19,d91_20,7
d91_19,d91_33,1
d91_2,d91_3,1
d91_2,d91_37,5
d91_2,d91_38,1
d91_20,d91_15,7
d91_20,d91_34,1
d91_21,d91_22,2
d91_21,d91_23,2
d91_3,d91_4,7
d91_3,d91_7,7
d91_35,d91_39,1
d91_37,d91_40,1
d91_4,d91_5,1
d91_5,d91_24,1
d91_5,d91_25,1
d91_5,d91_6,1
d91_6,d91_1,1
d91_6,d91_26,1
d91_6,d91_27,1
d91_7,d91_28,1
d91_7,d91_8,7
d91_8,d91_11,7
d91_8,d91_9,7
d91_9,d91_10,7
d92_1,d92_2,7
d92_1,d92_20,1
d92_10,d92_11,7
d92_10,d92_4,1
d92_11,d92_12,1
d92_12,d92_13,1
d92_12,d92_27,1
d92_12,d92_28,1
d92_13,d92_25,1
d92_13,d92_26,1
d92_13,d92_5,1
d92_14,d92_15,7
d92_14,d92_23,1
d92_15,d92_16,7
d92_15,d92_17,1
d92_16,d92_11,7
d92_16,d92_24,1
d92_17,d92_18,2
d92_17,d92_19,2
d92_2,d92_21,1
d92_2,d92_3,7
d92_3,d92_4,7
d92_3,d92_7,1
d92_4,d92_5,7
d92_5,d92_6,7
d92_6,d92_1,7
d92_6,d92_22,1
d92_7,d92_31,1
d92_7,d92_32,1
d92_7,d92_8,1
d92_8,d92_29,1
d92_8,d92_30,1
d92_8,d92_9,1
d92_9,d92_10,7
d92_9,d92_14,7
d93_1,d93_2,7
d93_1,d93_7,1
d93_10,d93_11,7
d93_10,d93_14,1
d93_11,d93_12,7
d93_11,d93_15,1
d93_12,d93_13,7
d93_12,d93_19,7
d93_13,d93_16,7
d93_13,d93_4,7
d93_16,d93_17,7
d93_17,d93_18,7
d93_17,d93_24,7
d93_18,d93_5,7
d93_19,d93_20,7
d93_19,d93_32,1
d93_2,d93_3,7
d93_2,d93_8,1
d93_20,d93_21,7
d93_20,d93_22,1
d93_21,d93_16,7
d93_21,d93_23,1
d93_24,d93_25,7
d93_24,d93_28,1
d93_25,d93_26,7
d93_25,d93_29,1
d93_26,d93_27,7
d93_26,d93_30,1
d93_27,d93_18,7
d93_27,d93_31,1
d93_3,d93_10,7
d93_3,d93_4,7
d93_32,d93_33,2
d93_32,d93_34,2
d93_4,d93_5,7
d93_5,d93_6,7
d93_6,d93_1,7
d93_6,d93_9,1
d94_1,d94_2,7
d94_1,d94_7,1
d94_10,d94_11,7
d94_10,d94_14,1
d94_11,d94_12,7
d94_11,d94_26,1
d94_12,d94_13,7
d94_12,d94_20,7
d94_13,d94_15,7
d94_13,d94_4,7
d94_15,d94_16,7
d94_16,d94_17,7
d94_16,d94_18,1
d94_17,d94_19,1
d94_17,d94_5,7
d94_2,d94_3,7
d94_2,d94_8,1
d94_20,d94_21,7
d94_20,d94_23,1
d94_21,d94_22,7
d94_21,d94_24,1
d94_22,d94_15,7
d94_22,d94_25,1
d94_26,d94_27,2
d94_26,d94_28,2
d94_3,d94_10,7
d94_3,d94_4,7
d94_4,d94_5,7
d94_5,d94_6,7
d94_6,d94_1,7
d94_6,d94_9,1
d95_1,d95_2,7
d95_1,d95_7,1
d95_10,d95_11,7
d95_10,d95_14,1
d95_11,d95_12,7
d95_11,d95_17,1
d95_12,d95_13,7
d95_12,d95_16,1
d95_13,d95_15,1
d95_13,d95_4,7
d95_16,d95_19,2
d95_16,d95_20,2
d95_17,d95_21,2
d95_17,d95_22,2
d95_18,d95_23,2
d95_18,d95_24,2
d95_2,d95_18,1
d95_2,d95_3,7
d95_3,d95_10,7
d95_3,d95_4,7
d95_4,d95_5,7
d95_5,d95_6,7
d95_5,d95_8,1
d95_6,d95_1,7
d95_6,d95_9,1
d96_1,d96_2,7
d96_1,d96_7,1
d96_10,d96_11,7
d96_10,d96_14,1
d96_11,d96_12,7
d96_11,d96_20,7
d96_12,d96_15,7
d96_12,d96_4,7
d96_15,d96_16,7
d96_16,d96_17,7
d96_16,d96_18,1
d96_17,d96_19,1
d96_17,d96_5,7
d96_2,d96_26,1
d96_2,d96_3,7
d96_20,d96_21,7
d96_20,d96_25,1
d96_21,d96_22,7
d96_21,d96_23,1
d96_22,d96_15,7
d96_22,d96_24,1
d96_24,d96_27,2
d96_24,d96_28,2
d96_25,d96_29,2
d96_25,d96_30,2
d96_26,d96_31,2
d96_26,d96_32,2
d96_3,d96_4,7
d96_3,d96_9,7
d96_4,d96_5,7
d96_5,d96_6,7
d96_6,d96_1,7
d96_6,d96_8,1
d96_9,d96_10,7
d96_9,d96_13,1
d97_1,d97_2,7
d97_1,d97_26,1
d97_10,d97_11,7
d97_11,d97_12,7
d97_11,d97_16,1
d97_12,d97_13,7
d97_12,d97_22,1
d97_13,d97_14,7
d97_13,d97_17,1
d97_14,d97_15,7
d97_14,d97_18,1
d97_15,d97_10,7
d97_19,d97_10,1
d97_19,d97_20,1
d97_19,d97_21,1
d97_2,d97_3,7
d97_2,d97_7,1
d97_22,d97_23,1
d97_22,d97_24,1
d97_22,d97_25,1
d97_26,d97_27,2
d97_26,d97_28,2
d97_3,d97_19,1
d97_3,d97_4,7
d97_4,d97_15,1
d97_4,d97_5,7
d97_5,d97_6,7
d97_5,d97_8,1
d97_6,d97_1,7
d97_6,d97_9,1
d98_1,d98_2,7
d98_1,d98_7,1
d98_10,d98_11,7
d98_10,d98_14,1
d98_11,d98_12,7
d98_12,d98_13,7
d98_12,d98_15,1
d98_13,d98_16,1
d98_13,d98_4,7
d98_17,d98_19,2
d98_18,d98_17,2
d98_2,d98_3,7
d98_2,d98_8,1
d98_3,d98_10,7
d98_3,d98_4,7
d98_4,d98_5,7
d98_5,d98_17,1
d98_5,d98_6,7
d98_6,d98_1,7
d98_6,d98_9,1
d99_1,d99_16,1
d99_1,d99_2,7
d99_10,d99_4,7
d99_11,d99_12,7
d99_11,d99_13,1
d99_12,d99_10,7
d99_12,d99_22,1
d99_13,d99_14,2
d99_13,d99_15,2
d99_2,d99_17,1
d99_2,d99_3,7
d99_3,d99_4,7
d99_3,d99_7,7
d99_4,d99_5,7
d99_5,d99_11,7
d99_5,d99_6,7
d99_6,d99_1,7
d99_6,d99_18,1
d99_7,d99_19,1
d99_7,d99_8,7
d99_8,d99_20,1
d99_8,d99_9,7
d99_9,d99_10,7
d99_9,d99_21,1
d9_1,d9_13,1
d9_1,d9_2,7
d9_10,d9_11,2
d9_12,d9_10,2
d9_2,d9_14,1
d9_2,d9_3,7
d9_3,d9_4,7
d9_4,d9_5,7
d9_4,d9_7,7
d9_5,d9_15,1
d9_5,d9_6,7
d9_6,d9_1,7
d9_6,d9_10,1
d9_7,d9_8,7
d9_8,d9_16,1
d9_8,d9_9,7
d9_9,d9_17,1
d9_9,d9_3,7
